id,WORKER_ID,EMPLOYER_ID,contract_type,dt_start,dt_end,id_prev,dt_start_prev,dt_end_prev,id_next,dt_start_next,dt_end_next,old_start,old_end
2577111,1913,5227364,A.01.00,2006-02-01,2009-09-20,NULL,NULL,NULL,2577112,2010-11-09,2011-01-30,2006-02-01,2009-09-20
2577112,1913,44650,A.02.00,2010-11-09,2011-01-30,2577111,2006-02-01,2009-09-20,2577113,2012-05-26,2013-10-05,2010-11-09,2011-01-30
2577113,1913,2722740,A.01.00,2012-05-26,2013-10-05,2577112,2010-11-09,2011-01-30,71,2013-01-01,2013-02-01,2012-05-26,2013-10-05
71,1913,5979748,A.02.00,2013-01-01,2013-02-01,2577113,2012-05-26,2013-10-05,2577114,2013-02-02,2013-06-30,2013-01-01,2013-02-01
2577114,1913,5979748,A.02.00,2013-02-02,2013-06-30,71,2013-01-01,2013-02-01,2577115,2013-10-22,2015-09-30,2013-02-02,2013-06-30
2577115,1913,708718,A.02.00,2013-10-22,2015-09-30,2577114,2013-02-02,2013-06-30,2577116,2015-12-03,2019-12-31,2013-10-22,2015-09-30
2577116,1913,708718,A.02.00,2015-12-03,2019-12-31,2577115,2013-10-22,2015-09-30,NULL,NULL,NULL,2015-12-03,2019-12-31
75,1968,5402197,A.02.00,2008-12-29,2009-01-07,NULL,NULL,NULL,76,2009-01-08,2009-01-08,2008-12-29,2009-01-07
76,1968,5402197,A.02.00,2009-01-08,2009-01-08,75,2008-12-29,2009-01-07,77,2009-01-09,2009-01-11,2009-01-08,2009-01-08
77,1968,5402197,A.02.00,2009-01-09,2009-01-11,76,2009-01-08,2009-01-08,78,2009-01-13,2009-01-13,2009-01-09,2009-01-11
78,1968,5402197,A.02.00,2009-01-13,2009-01-13,77,2009-01-09,2009-01-11,79,2009-01-14,2009-01-14,2009-01-13,2009-01-13
79,1968,5402197,A.02.00,2009-01-14,2009-01-14,78,2009-01-13,2009-01-13,80,2009-01-15,2009-01-18,2009-01-14,2009-01-14
80,1968,5402197,A.02.00,2009-01-15,2009-01-18,79,2009-01-14,2009-01-14,81,2009-01-19,2009-01-19,2009-01-15,2009-01-18
81,1968,3864092,A.02.00,2009-01-19,2009-01-19,80,2009-01-15,2009-01-18,82,2009-01-22,2009-01-22,2009-01-19,2009-01-19
82,1968,5402197,A.02.00,2009-01-22,2009-01-22,81,2009-01-19,2009-01-19,83,2009-01-23,2009-01-25,2009-01-22,2009-01-22
83,1968,5402197,A.02.00,2009-01-23,2009-01-25,82,2009-01-22,2009-01-22,84,2009-01-26,2009-01-26,2009-01-23,2009-01-25
84,1968,5402197,A.02.00,2009-01-26,2009-01-26,83,2009-01-23,2009-01-25,85,2009-01-28,2009-01-28,2009-01-26,2009-01-26
85,1968,5402197,A.02.00,2009-01-28,2009-01-28,84,2009-01-26,2009-01-26,86,2009-01-30,2009-02-01,2009-01-28,2009-01-28
86,1968,5402197,A.02.00,2009-01-30,2009-02-01,85,2009-01-28,2009-01-28,87,2009-02-02,2009-02-08,2009-01-30,2009-02-01
87,1968,5402197,A.02.00,2009-02-02,2009-02-08,86,2009-01-30,2009-02-01,88,2009-02-09,2009-05-03,2009-02-02,2009-02-08
88,1968,5402197,A.02.00,2009-02-09,2009-05-03,87,2009-02-02,2009-02-08,89,2009-05-04,2009-05-31,2009-02-09,2009-05-03
89,1968,5402197,A.02.00,2009-05-04,2009-05-31,88,2009-02-09,2009-05-03,90,2009-06-01,2009-07-05,2009-05-04,2009-05-31
90,1968,5402197,A.02.00,2009-06-01,2009-07-05,89,2009-05-04,2009-05-31,91,2009-06-05,2009-06-05,2009-06-01,2009-07-05
91,1968,3864092,A.02.00,2009-06-05,2009-06-05,90,2009-06-01,2009-07-05,92,2009-07-27,2009-07-27,2009-06-05,2009-06-05
92,1968,3864092,A.02.00,2009-07-27,2009-07-27,91,2009-06-05,2009-06-05,93,2009-08-29,2009-08-30,2009-07-27,2009-07-27
93,1968,5402197,A.02.00,2009-08-29,2009-08-30,92,2009-07-27,2009-07-27,94,2009-09-25,2009-09-27,2009-08-29,2009-08-30
94,1968,5402197,A.02.00,2009-09-25,2009-09-27,93,2009-08-29,2009-08-30,95,2009-10-08,2009-10-18,2009-09-25,2009-09-27
95,1968,5402197,A.02.00,2009-10-08,2009-10-18,94,2009-09-25,2009-09-27,96,2009-10-19,2009-10-20,2009-10-08,2009-10-18
96,1968,5402197,A.02.00,2009-10-19,2009-10-20,95,2009-10-08,2009-10-18,97,2009-10-24,2009-10-25,2009-10-19,2009-10-20
97,1968,5402197,A.02.00,2009-10-24,2009-10-25,96,2009-10-19,2009-10-20,98,2009-10-30,2009-11-01,2009-10-24,2009-10-25
98,1968,5402197,A.02.00,2009-10-30,2009-11-01,97,2009-10-24,2009-10-25,99,2009-11-06,2009-11-08,2009-10-30,2009-11-01
99,1968,5402197,A.02.00,2009-11-06,2009-11-08,98,2009-10-30,2009-11-01,100,2009-11-15,2009-11-15,2009-11-06,2009-11-08
100,1968,5402197,A.02.00,2009-11-15,2009-11-15,99,2009-11-06,2009-11-08,101,2009-11-16,2009-11-22,2009-11-15,2009-11-15
101,1968,5402197,A.02.00,2009-11-16,2009-11-22,100,2009-11-15,2009-11-15,102,2009-11-26,2009-11-29,2009-11-16,2009-11-22
102,1968,5402197,A.02.00,2009-11-26,2009-11-29,101,2009-11-16,2009-11-22,103,2009-11-30,2009-11-30,2009-11-26,2009-11-29
103,1968,5402197,A.02.00,2009-11-30,2009-11-30,102,2009-11-26,2009-11-29,104,2009-12-02,2009-12-08,2009-11-30,2009-11-30
104,1968,5402197,A.02.00,2009-12-02,2009-12-08,103,2009-11-30,2009-11-30,105,2009-12-09,2009-12-09,2009-12-02,2009-12-08
105,1968,5402197,A.02.00,2009-12-09,2009-12-09,104,2009-12-02,2009-12-08,106,2009-12-11,2009-12-13,2009-12-09,2009-12-09
106,1968,5402197,A.02.00,2009-12-11,2009-12-13,105,2009-12-09,2009-12-09,107,2009-12-16,2010-03-15,2009-12-11,2009-12-13
107,1968,5402197,A.02.00,2009-12-16,2010-03-15,106,2009-12-11,2009-12-13,108,2010-03-17,2010-06-30,2009-12-16,2010-03-15
108,1968,5402197,A.02.00,2010-03-17,2010-06-30,107,2009-12-16,2010-03-15,109,2010-09-08,2010-09-09,2010-03-17,2010-06-30
109,1968,5402197,A.02.00,2010-09-08,2010-09-09,108,2010-03-17,2010-06-30,110,2010-09-15,2010-09-16,2010-09-08,2010-09-09
110,1968,5402197,A.02.00,2010-09-15,2010-09-16,109,2010-09-08,2010-09-09,111,2010-09-25,2010-09-26,2010-09-15,2010-09-16
111,1968,5402197,A.02.00,2010-09-25,2010-09-26,110,2010-09-15,2010-09-16,112,2010-10-02,2010-10-03,2010-09-25,2010-09-26
112,1968,5402197,A.02.00,2010-10-02,2010-10-03,111,2010-09-25,2010-09-26,113,2010-10-06,2010-10-10,2010-10-02,2010-10-03
113,1968,5402197,A.02.00,2010-10-06,2010-10-10,112,2010-10-02,2010-10-03,114,2010-10-16,2010-10-17,2010-10-06,2010-10-10
114,1968,5402197,A.02.00,2010-10-16,2010-10-17,113,2010-10-06,2010-10-10,115,2010-10-21,2011-01-10,2010-10-16,2010-10-17
115,1968,5402197,A.02.00,2010-10-21,2011-01-10,114,2010-10-16,2010-10-17,2577127,2014-04-01,2014-09-30,2010-10-21,2011-01-10
2577127,1968,4651394,A.02.00,2014-04-01,2014-09-30,115,2010-10-21,2011-01-10,NULL,NULL,NULL,2014-04-01,2014-09-30
2577257,2181,2793902,A.02.00,2017-03-20,2017-06-12,NULL,NULL,NULL,2577258,2017-05-02,2017-05-31,2017-03-20,2017-06-12
2577258,2181,3267351,A.02.00,2017-05-02,2017-05-31,2577257,2017-03-20,2017-06-12,2577259,2017-06-01,2017-09-11,2017-05-02,2017-05-31
2577259,2181,3267351,A.02.00,2017-06-01,2017-09-11,2577258,2017-05-02,2017-05-31,2577260,2018-03-22,2018-04-23,2017-06-01,2017-09-11
2577260,2181,2751467,A.03.09,2018-03-22,2018-04-23,2577259,2017-06-01,2017-09-11,2577261,2018-06-22,2019-01-31,2018-03-22,2018-04-23
2577261,2181,1485027746,A.05.02,2018-06-22,2019-01-31,2577260,2018-03-22,2018-04-23,126,2018-09-20,2018-09-20,2018-06-22,2019-01-31
126,2181,2683911,A.02.00,2018-09-20,2018-09-20,2577261,2018-06-22,2019-01-31,127,2018-10-03,2018-12-15,2018-09-20,2018-09-20
127,2181,3175314,A.02.00,2018-10-03,2018-12-15,126,2018-09-20,2018-09-20,128,2018-12-20,2018-12-20,2018-10-03,2018-12-15
128,2181,3161510,A.02.00,2018-12-20,2018-12-20,127,2018-10-03,2018-12-15,129,2018-12-23,2018-12-23,2018-12-20,2018-12-20
129,2181,2683911,A.02.00,2018-12-23,2018-12-23,128,2018-12-20,2018-12-20,130,2019-01-14,2019-03-22,2018-12-23,2018-12-23
130,2181,2553802,A.02.00,2019-01-14,2019-03-22,129,2018-12-23,2018-12-23,2577262,2019-05-18,2019-10-31,2019-01-14,2019-03-22
2577262,2181,1485027746,A.05.02,2019-05-18,2019-10-31,130,2019-01-14,2019-03-22,2577263,2019-08-21,2019-11-30,2019-05-18,2019-10-31
2577263,2181,3175314,A.02.00,2019-08-21,2019-11-30,2577262,2019-05-18,2019-10-31,2577264,2019-11-01,2020-01-31,2019-08-21,2019-11-30
2577264,2181,3623077072,A.05.02,2019-11-01,2020-01-31,2577263,2019-08-21,2019-11-30,131,2019-12-02,2019-12-11,2019-11-01,2020-01-31
131,2181,1555809,A.02.00,2019-12-02,2019-12-11,2577264,2019-11-01,2020-01-31,132,2020-01-09,2020-01-31,2019-12-02,2019-12-11
132,2181,758079,A.02.00,2020-01-09,2020-01-31,131,2019-12-02,2019-12-11,NULL,NULL,NULL,2020-01-09,2020-01-31
2577889,2991,2201926,B.03.00,2016-11-10,2016-11-30,NULL,NULL,NULL,2577890,2018-08-03,2019-04-10,2016-11-10,2016-11-30
2577890,2991,3988860,A.01.00,2018-08-03,2019-04-10,2577889,2016-11-10,2016-11-30,2577891,2019-06-01,2019-10-20,2018-08-03,2019-04-10
2577891,2991,5176970,A.05.02,2019-06-01,2019-10-20,2577890,2018-08-03,2019-04-10,210,2019-07-04,2019-09-30,2019-06-01,2019-10-20
210,2991,5774049,A.02.00,2019-07-04,2019-09-30,2577891,2019-06-01,2019-10-20,NULL,NULL,NULL,2019-07-04,2019-09-30
2578424,3912,49318,A.05.01,2009-04-25,2009-05-29,NULL,NULL,NULL,2578425,2009-05-14,2009-06-30,2009-04-25,2009-05-29
2578425,3912,4246209,A.05.00,2009-05-14,2009-06-30,2578424,2009-04-25,2009-05-29,287,2009-09-30,2009-10-31,2009-05-14,2009-06-30
287,3912,1736086,A.02.00,2009-09-30,2009-10-31,2578425,2009-05-14,2009-06-30,288,2010-05-04,2010-08-14,2009-09-30,2009-10-31
288,3912,4161698,A.02.00,2010-05-04,2010-08-14,287,2009-09-30,2009-10-31,2578426,2012-05-20,2012-05-20,2010-05-04,2010-08-14
2578426,3912,4760836,A.02.00,2012-05-20,2012-05-20,288,2010-05-04,2010-08-14,2578427,2012-07-02,2012-08-10,2012-05-20,2012-05-20
2578427,3912,1791561,A.02.00,2012-07-02,2012-08-10,2578426,2012-05-20,2012-05-20,2578428,2013-07-20,2013-10-11,2012-07-02,2012-08-10
2578428,3912,707783,A.05.02,2013-07-20,2013-10-11,2578427,2012-07-02,2012-08-10,2578429,2013-08-10,2013-08-25,2013-07-20,2013-10-11
2578429,3912,4760836,A.02.00,2013-08-10,2013-08-25,2578428,2013-07-20,2013-10-11,2578430,2013-11-16,2014-05-15,2013-08-10,2013-08-25
2578430,3912,4777696,A.02.00,2013-11-16,2014-05-15,2578429,2013-08-10,2013-08-25,289,2014-01-28,2014-02-07,2013-11-16,2014-05-15
289,3912,4738536,A.02.00,2014-01-28,2014-02-07,2578430,2013-11-16,2014-05-15,290,2014-07-28,2014-08-08,2014-01-28,2014-02-07
290,3912,3309231,A.02.00,2014-07-28,2014-08-08,289,2014-01-28,2014-02-07,291,2014-09-17,2014-09-26,2014-07-28,2014-08-08
291,3912,3309231,A.02.00,2014-09-17,2014-09-26,290,2014-07-28,2014-08-08,292,2014-10-16,2014-12-19,2014-09-17,2014-09-26
292,3912,2518256,A.02.00,2014-10-16,2014-12-19,291,2014-09-17,2014-09-26,293,2015-01-07,2015-03-31,2014-10-16,2014-12-19
293,3912,2518256,A.02.00,2015-01-07,2015-03-31,292,2014-10-16,2014-12-19,294,2015-04-01,2015-05-30,2015-01-07,2015-03-31
294,3912,2518256,A.02.00,2015-04-01,2015-05-30,293,2015-01-07,2015-03-31,NULL,NULL,NULL,2015-04-01,2015-05-30
2578752,4418,4176017,A.02.00,2010-08-06,2010-08-31,NULL,NULL,NULL,2578753,2010-09-27,2010-12-22,2010-08-06,2010-08-31
2578753,4418,5747330,A.01.00,2010-09-27,2010-12-22,2578752,2010-08-06,2010-08-31,2578754,2011-08-10,2011-08-22,2010-09-27,2010-12-22
2578754,4418,4176017,A.02.00,2011-08-10,2011-08-22,2578753,2010-09-27,2010-12-22,2578755,2011-09-05,2013-05-30,2011-08-10,2011-08-22
2578755,4418,4411546,A.01.00,2011-09-05,2013-05-30,2578754,2011-08-10,2011-08-22,2578756,2012-02-13,2012-05-31,2011-09-05,2013-05-30
2578756,4418,4176017,A.01.00,2012-02-13,2012-05-31,2578755,2011-09-05,2013-05-30,2578757,2012-06-27,2012-09-30,2012-02-13,2012-05-31
2578757,4418,3582990,A.02.00,2012-06-27,2012-09-30,2578756,2012-02-13,2012-05-31,2578758,2014-04-01,2014-11-23,2012-06-27,2012-09-30
2578758,4418,3582990,A.01.00,2014-04-01,2014-11-23,2578757,2012-06-27,2012-09-30,2578759,2014-05-20,2014-06-20,2014-04-01,2014-11-23
2578759,4418,1043431,A.02.00,2014-05-20,2014-06-20,2578758,2014-04-01,2014-11-23,2578760,2015-12-30,2016-01-15,2014-05-20,2014-06-20
2578760,4418,1057224,A.02.00,2015-12-30,2016-01-15,2578759,2014-05-20,2014-06-20,2578761,2016-08-16,2016-08-31,2015-12-30,2016-01-15
2578761,4418,138178,A.02.00,2016-08-16,2016-08-31,2578760,2015-12-30,2016-01-15,2578762,2016-09-10,2016-12-31,2016-08-16,2016-08-31
2578762,4418,138178,A.02.00,2016-09-10,2016-12-31,2578761,2016-08-16,2016-08-31,2578763,2017-02-01,2017-04-30,2016-09-10,2016-12-31
2578763,4418,138178,A.02.00,2017-02-01,2017-04-30,2578762,2016-09-10,2016-12-31,2578764,2017-07-13,2017-07-13,2017-02-01,2017-04-30
2578764,4418,189316,A.02.00,2017-07-13,2017-07-13,2578763,2017-02-01,2017-04-30,2578765,2017-08-01,2018-08-31,2017-07-13,2017-07-13
2578765,4418,3461977,A.02.00,2017-08-01,2018-08-31,2578764,2017-07-13,2017-07-13,320,2018-08-14,2018-08-24,2017-08-01,2018-08-31
320,4418,3927077,A.02.00,2018-08-14,2018-08-24,2578765,2017-08-01,2018-08-31,2578766,2018-12-10,2019-01-20,2018-08-14,2018-08-24
2578766,4418,4996575,A.02.00,2018-12-10,2019-01-20,320,2018-08-14,2018-08-24,2578767,2019-02-06,2019-03-31,2018-12-10,2019-01-20
2578767,4418,4996575,A.02.00,2019-02-06,2019-03-31,2578766,2018-12-10,2019-01-20,2578768,2019-02-16,2020-07-18,2019-02-06,2019-03-31
2578768,4418,2091324201,A.02.00,2019-02-16,2020-07-18,2578767,2019-02-06,2019-03-31,NULL,NULL,NULL,2019-02-16,2020-07-18
2579214,5157,5881580,A.01.00,2006-06-15,2009-10-31,NULL,NULL,NULL,2579215,2011-09-19,2012-06-26,2006-06-15,2009-10-31
2579215,5157,5849993,B.01.00,2011-09-19,2012-06-26,2579214,2006-06-15,2009-10-31,2579216,2011-09-30,2011-09-30,2011-09-19,2012-06-26
2579216,5157,3384722,A.02.00,2011-09-30,2011-09-30,2579215,2011-09-19,2012-06-26,2579217,2011-10-01,2011-10-01,2011-09-30,2011-09-30
2579217,5157,3384722,A.02.00,2011-10-01,2011-10-01,2579216,2011-09-30,2011-09-30,2579218,2011-10-03,2011-10-03,2011-10-01,2011-10-01
2579218,5157,3384722,A.02.00,2011-10-03,2011-10-03,2579217,2011-10-01,2011-10-01,2579219,2011-10-04,2011-10-04,2011-10-03,2011-10-03
2579219,5157,3384722,A.02.00,2011-10-04,2011-10-04,2579218,2011-10-03,2011-10-03,2579220,2011-10-05,2011-10-05,2011-10-04,2011-10-04
2579220,5157,3384722,A.02.00,2011-10-05,2011-10-05,2579219,2011-10-04,2011-10-04,2579221,2011-10-07,2011-10-07,2011-10-05,2011-10-05
2579221,5157,3384722,A.02.00,2011-10-07,2011-10-07,2579220,2011-10-05,2011-10-05,2579222,2011-10-08,2011-10-08,2011-10-07,2011-10-07
2579222,5157,3384722,A.02.00,2011-10-08,2011-10-08,2579221,2011-10-07,2011-10-07,2579223,2011-10-17,2011-10-17,2011-10-08,2011-10-08
2579223,5157,3384722,A.02.00,2011-10-17,2011-10-17,2579222,2011-10-08,2011-10-08,2579224,2011-10-21,2011-10-21,2011-10-17,2011-10-17
2579224,5157,3384722,A.02.00,2011-10-21,2011-10-21,2579223,2011-10-17,2011-10-17,2579225,2011-10-22,2011-10-22,2011-10-21,2011-10-21
2579225,5157,3384722,A.02.00,2011-10-22,2011-10-22,2579224,2011-10-21,2011-10-21,2579226,2011-10-24,2011-10-24,2011-10-22,2011-10-22
2579226,5157,3384722,A.02.00,2011-10-24,2011-10-24,2579225,2011-10-22,2011-10-22,2579227,2011-10-27,2011-10-27,2011-10-24,2011-10-24
2579227,5157,3384722,A.02.00,2011-10-27,2011-10-27,2579226,2011-10-24,2011-10-24,2579228,2011-11-24,2011-11-24,2011-10-27,2011-10-27
2579228,5157,3384722,A.02.00,2011-11-24,2011-11-24,2579227,2011-10-27,2011-10-27,2579229,2011-11-25,2011-11-25,2011-11-24,2011-11-24
2579229,5157,3384722,A.02.00,2011-11-25,2011-11-25,2579228,2011-11-24,2011-11-24,2579230,2011-12-03,2011-12-03,2011-11-25,2011-11-25
2579230,5157,3384722,A.02.00,2011-12-03,2011-12-03,2579229,2011-11-25,2011-11-25,2579231,2011-12-15,2011-12-15,2011-12-03,2011-12-03
2579231,5157,3384722,A.02.00,2011-12-15,2011-12-15,2579230,2011-12-03,2011-12-03,2579232,2011-12-24,2011-12-24,2011-12-15,2011-12-15
2579232,5157,3384722,A.02.00,2011-12-24,2011-12-24,2579231,2011-12-15,2011-12-15,2579233,2011-12-31,2011-12-31,2011-12-24,2011-12-24
2579233,5157,3384722,A.02.00,2011-12-31,2011-12-31,2579232,2011-12-24,2011-12-24,2579234,2012-01-01,2012-01-01,2011-12-31,2011-12-31
2579234,5157,3384722,A.02.00,2012-01-01,2012-01-01,2579233,2011-12-31,2011-12-31,2579235,2012-01-05,2012-01-05,2012-01-01,2012-01-01
2579235,5157,3384722,A.02.00,2012-01-05,2012-01-05,2579234,2012-01-01,2012-01-01,2579236,2012-01-07,2012-01-07,2012-01-05,2012-01-05
2579236,5157,3384722,A.02.00,2012-01-07,2012-01-07,2579235,2012-01-05,2012-01-05,2579237,2012-01-09,2012-01-09,2012-01-07,2012-01-07
2579237,5157,3384722,A.02.00,2012-01-09,2012-01-09,2579236,2012-01-07,2012-01-07,2579238,2012-01-10,2012-01-10,2012-01-09,2012-01-09
2579238,5157,3384722,A.02.00,2012-01-10,2012-01-10,2579237,2012-01-09,2012-01-09,2579239,2012-03-10,2012-03-10,2012-01-10,2012-01-10
2579239,5157,3384722,A.02.00,2012-03-10,2012-03-10,2579238,2012-01-10,2012-01-10,2579240,2012-03-14,2012-03-30,2012-03-10,2012-03-10
2579240,5157,3954093,B.01.00,2012-03-14,2012-03-30,2579239,2012-03-10,2012-03-10,2579241,2012-03-16,2012-03-16,2012-03-14,2012-03-30
2579241,5157,96120,A.02.00,2012-03-16,2012-03-16,2579240,2012-03-14,2012-03-30,2579242,2012-04-06,2012-04-06,2012-03-16,2012-03-16
2579242,5157,3384722,A.02.00,2012-04-06,2012-04-06,2579241,2012-03-16,2012-03-16,2579243,2012-04-17,2012-10-31,2012-04-06,2012-04-06
2579243,5157,3384722,A.05.01,2012-04-17,2012-10-31,2579242,2012-04-06,2012-04-06,2579244,2012-04-18,2012-04-18,2012-04-17,2012-10-31
2579244,5157,96120,A.02.00,2012-04-18,2012-04-18,2579243,2012-04-17,2012-10-31,2579245,2012-04-30,2012-04-30,2012-04-18,2012-04-18
2579245,5157,96120,A.02.00,2012-04-30,2012-04-30,2579244,2012-04-18,2012-04-18,2579246,2012-05-12,2012-05-13,2012-04-30,2012-04-30
2579246,5157,96120,A.02.00,2012-05-12,2012-05-13,2579245,2012-04-30,2012-04-30,2579247,2012-05-19,2012-05-20,2012-05-12,2012-05-13
2579247,5157,96120,A.02.00,2012-05-19,2012-05-20,2579246,2012-05-12,2012-05-13,2579248,2012-05-25,2012-05-27,2012-05-19,2012-05-20
2579248,5157,96120,A.02.00,2012-05-25,2012-05-27,2579247,2012-05-19,2012-05-20,2579249,2012-06-02,2012-06-03,2012-05-25,2012-05-27
2579249,5157,96120,A.02.00,2012-06-02,2012-06-03,2579248,2012-05-25,2012-05-27,2579250,2012-06-08,2012-06-10,2012-06-02,2012-06-03
2579250,5157,96120,A.02.00,2012-06-08,2012-06-10,2579249,2012-06-02,2012-06-03,2579251,2012-06-14,2012-06-14,2012-06-08,2012-06-10
2579251,5157,96120,A.02.00,2012-06-14,2012-06-14,2579250,2012-06-08,2012-06-10,2579252,2012-06-19,2012-06-19,2012-06-14,2012-06-14
2579252,5157,96120,A.02.00,2012-06-19,2012-06-19,2579251,2012-06-14,2012-06-14,2579253,2012-06-26,2012-06-26,2012-06-19,2012-06-19
2579253,5157,96120,A.02.00,2012-06-26,2012-06-26,2579252,2012-06-19,2012-06-19,2579254,2012-06-27,2013-06-29,2012-06-26,2012-06-26
2579254,5157,5849993,B.01.00,2012-06-27,2013-06-29,2579253,2012-06-26,2012-06-26,2579255,2012-06-28,2012-06-28,2012-06-27,2013-06-29
2579255,5157,96120,A.02.00,2012-06-28,2012-06-28,2579254,2012-06-27,2013-06-29,2579256,2012-06-29,2012-06-29,2012-06-28,2012-06-28
2579256,5157,96120,A.02.00,2012-06-29,2012-06-29,2579255,2012-06-28,2012-06-28,2579257,2012-07-02,2012-07-02,2012-06-29,2012-06-29
2579257,5157,96120,A.02.00,2012-07-02,2012-07-02,2579256,2012-06-29,2012-06-29,2579258,2012-07-19,2012-07-19,2012-07-02,2012-07-02
2579258,5157,96120,A.02.00,2012-07-19,2012-07-19,2579257,2012-07-02,2012-07-02,2579259,2012-07-27,2012-07-27,2012-07-19,2012-07-19
2579259,5157,96120,A.02.00,2012-07-27,2012-07-27,2579258,2012-07-19,2012-07-19,2579260,2012-09-08,2012-09-10,2012-07-27,2012-07-27
2579260,5157,96120,A.02.00,2012-09-08,2012-09-10,2579259,2012-07-27,2012-07-27,2579261,2012-09-14,2012-09-15,2012-09-08,2012-09-10
2579261,5157,96120,A.02.00,2012-09-14,2012-09-15,2579260,2012-09-08,2012-09-10,2579262,2012-09-18,2012-09-18,2012-09-14,2012-09-15
2579262,5157,96120,A.02.00,2012-09-18,2012-09-18,2579261,2012-09-14,2012-09-15,2579263,2012-09-20,2012-09-20,2012-09-18,2012-09-18
2579263,5157,96120,A.02.00,2012-09-20,2012-09-20,2579262,2012-09-18,2012-09-18,2579264,2012-09-22,2012-09-22,2012-09-20,2012-09-20
2579264,5157,96120,A.02.00,2012-09-22,2012-09-22,2579263,2012-09-20,2012-09-20,2579265,2012-09-26,2012-09-27,2012-09-22,2012-09-22
2579265,5157,96120,A.02.00,2012-09-26,2012-09-27,2579264,2012-09-22,2012-09-22,2579266,2012-10-01,2012-10-01,2012-09-26,2012-09-27
2579266,5157,96120,A.02.00,2012-10-01,2012-10-01,2579265,2012-09-26,2012-09-27,2579267,2012-10-03,2012-10-03,2012-10-01,2012-10-01
2579267,5157,96120,A.02.00,2012-10-03,2012-10-03,2579266,2012-10-01,2012-10-01,2579268,2012-10-05,2012-10-06,2012-10-03,2012-10-03
2579268,5157,96120,A.02.00,2012-10-05,2012-10-06,2579267,2012-10-03,2012-10-03,2579269,2012-10-13,2012-10-14,2012-10-05,2012-10-06
2579269,5157,96120,A.02.00,2012-10-13,2012-10-14,2579268,2012-10-05,2012-10-06,2579270,2012-10-18,2012-10-19,2012-10-13,2012-10-14
2579270,5157,96120,A.02.00,2012-10-18,2012-10-19,2579269,2012-10-13,2012-10-14,2579271,2012-10-24,2012-10-24,2012-10-18,2012-10-19
2579271,5157,2029351,A.02.00,2012-10-24,2012-10-24,2579270,2012-10-18,2012-10-19,2579272,2012-10-25,2012-10-25,2012-10-24,2012-10-24
2579272,5157,96120,A.02.00,2012-10-25,2012-10-25,2579271,2012-10-24,2012-10-24,2579273,2012-11-04,2012-11-04,2012-10-25,2012-10-25
2579273,5157,96120,A.02.00,2012-11-04,2012-11-04,2579272,2012-10-25,2012-10-25,2579274,2012-11-23,2012-11-23,2012-11-04,2012-11-04
2579274,5157,3384722,A.02.00,2012-11-23,2012-11-23,2579273,2012-11-04,2012-11-04,2579275,2012-12-01,2012-12-01,2012-11-23,2012-11-23
2579275,5157,3384722,A.02.00,2012-12-01,2012-12-01,2579274,2012-11-23,2012-11-23,2579276,2012-12-05,2012-12-06,2012-12-01,2012-12-01
2579276,5157,96120,A.02.00,2012-12-05,2012-12-06,2579275,2012-12-01,2012-12-01,2579277,2012-12-09,2012-12-09,2012-12-05,2012-12-06
2579277,5157,96120,A.02.00,2012-12-09,2012-12-09,2579276,2012-12-05,2012-12-06,2579278,2012-12-12,2012-12-12,2012-12-09,2012-12-09
2579278,5157,96120,A.02.00,2012-12-12,2012-12-12,2579277,2012-12-09,2012-12-09,2579279,2012-12-14,2012-12-14,2012-12-12,2012-12-12
2579279,5157,96120,A.02.00,2012-12-14,2012-12-14,2579278,2012-12-12,2012-12-12,2579280,2012-12-22,2012-12-22,2012-12-14,2012-12-14
2579280,5157,3384722,A.02.00,2012-12-22,2012-12-22,2579279,2012-12-14,2012-12-14,2579281,2012-12-23,2012-12-23,2012-12-22,2012-12-22
2579281,5157,96120,A.02.00,2012-12-23,2012-12-23,2579280,2012-12-22,2012-12-22,2579282,2012-12-28,2012-12-28,2012-12-23,2012-12-23
2579282,5157,3384722,A.02.00,2012-12-28,2012-12-28,2579281,2012-12-23,2012-12-23,2579283,2012-12-29,2012-12-29,2012-12-28,2012-12-28
2579283,5157,3384722,A.02.00,2012-12-29,2012-12-29,2579282,2012-12-28,2012-12-28,2579284,2012-12-31,2012-12-31,2012-12-29,2012-12-29
2579284,5157,3384722,A.02.00,2012-12-31,2012-12-31,2579283,2012-12-29,2012-12-29,2579285,2013-01-13,2013-01-13,2012-12-31,2012-12-31
2579285,5157,2029351,A.02.00,2013-01-13,2013-01-13,2579284,2012-12-31,2012-12-31,2579286,2013-01-25,2013-01-25,2013-01-13,2013-01-13
2579286,5157,96120,A.02.00,2013-01-25,2013-01-25,2579285,2013-01-13,2013-01-13,2579287,2013-02-14,2013-02-14,2013-01-25,2013-01-25
2579287,5157,3384722,A.02.00,2013-02-14,2013-02-14,2579286,2013-01-25,2013-01-25,2579288,2013-02-28,2013-02-28,2013-02-14,2013-02-14
2579288,5157,96120,A.02.00,2013-02-28,2013-02-28,2579287,2013-02-14,2013-02-14,2579289,2013-03-09,2013-03-09,2013-02-28,2013-02-28
2579289,5157,96120,A.02.00,2013-03-09,2013-03-09,2579288,2013-02-28,2013-02-28,2579290,2013-03-26,2013-03-26,2013-03-09,2013-03-09
2579290,5157,3384722,A.02.00,2013-03-26,2013-03-26,2579289,2013-03-09,2013-03-09,2579291,2013-03-27,2013-03-27,2013-03-26,2013-03-26
2579291,5157,3384722,A.02.00,2013-03-27,2013-03-27,2579290,2013-03-26,2013-03-26,2579292,2013-03-28,2013-03-28,2013-03-27,2013-03-27
2579292,5157,96120,A.02.00,2013-03-28,2013-03-28,2579291,2013-03-27,2013-03-27,2579293,2013-03-30,2013-03-30,2013-03-28,2013-03-28
2579293,5157,96120,A.02.00,2013-03-30,2013-03-30,2579292,2013-03-28,2013-03-28,2579294,2013-04-19,2013-04-19,2013-03-30,2013-03-30
2579294,5157,3384722,A.02.00,2013-04-19,2013-04-19,2579293,2013-03-30,2013-03-30,2579295,2013-04-20,2014-01-06,2013-04-19,2013-04-19
2579295,5157,3384722,A.05.02,2013-04-20,2014-01-06,2579294,2013-04-19,2013-04-19,2579296,2013-05-05,2013-05-05,2013-04-20,2014-01-06
2579296,5157,2029351,A.02.00,2013-05-05,2013-05-05,2579295,2013-04-20,2014-01-06,2579297,2013-05-08,2013-05-08,2013-05-05,2013-05-05
2579297,5157,96120,A.02.00,2013-05-08,2013-05-08,2579296,2013-05-05,2013-05-05,2579298,2013-05-11,2013-05-11,2013-05-08,2013-05-08
2579298,5157,96120,A.02.00,2013-05-11,2013-05-11,2579297,2013-05-08,2013-05-08,2579299,2013-05-12,2013-05-12,2013-05-11,2013-05-11
2579299,5157,2029351,A.02.00,2013-05-12,2013-05-12,2579298,2013-05-11,2013-05-11,2579300,2013-05-13,2013-05-13,2013-05-12,2013-05-12
2579300,5157,96120,A.02.00,2013-05-13,2013-05-13,2579299,2013-05-12,2013-05-12,2579301,2013-05-18,2013-05-18,2013-05-13,2013-05-13
2579301,5157,96120,A.02.00,2013-05-18,2013-05-18,2579300,2013-05-13,2013-05-13,2579302,2013-05-19,2013-05-19,2013-05-18,2013-05-18
2579302,5157,2029351,A.02.00,2013-05-19,2013-05-19,2579301,2013-05-18,2013-05-18,2579303,2013-05-20,2013-05-20,2013-05-19,2013-05-19
2579303,5157,96120,A.02.00,2013-05-20,2013-05-20,2579302,2013-05-19,2013-05-19,2579304,2013-05-26,2013-05-26,2013-05-20,2013-05-20
2579304,5157,2029351,A.02.00,2013-05-26,2013-05-26,2579303,2013-05-20,2013-05-20,2579305,2013-06-22,2013-06-22,2013-05-26,2013-05-26
2579305,5157,96120,A.02.00,2013-06-22,2013-06-22,2579304,2013-05-26,2013-05-26,2579306,2013-09-05,2013-09-05,2013-06-22,2013-06-22
2579306,5157,1195070,A.02.00,2013-09-05,2013-09-05,2579305,2013-06-22,2013-06-22,2579307,2013-09-28,2013-09-30,2013-09-05,2013-09-05
2579307,5157,96120,A.02.00,2013-09-28,2013-09-30,2579306,2013-09-05,2013-09-05,2579308,2013-10-22,2013-12-20,2013-09-28,2013-09-30
2579308,5157,2287527,B.01.00,2013-10-22,2013-12-20,2579307,2013-09-28,2013-09-30,2579309,2013-12-04,2013-12-04,2013-10-22,2013-12-20
2579309,5157,2029351,A.02.00,2013-12-04,2013-12-04,2579308,2013-10-22,2013-12-20,2579310,2013-12-14,2013-12-14,2013-12-04,2013-12-04
2579310,5157,2029351,A.02.00,2013-12-14,2013-12-14,2579309,2013-12-04,2013-12-04,2579311,2013-12-23,2013-12-23,2013-12-14,2013-12-14
2579311,5157,2029351,A.02.00,2013-12-23,2013-12-23,2579310,2013-12-14,2013-12-14,2579312,2014-02-14,2014-02-14,2013-12-23,2013-12-23
2579312,5157,3384722,A.02.00,2014-02-14,2014-02-14,2579311,2013-12-23,2013-12-23,2579313,2014-03-12,2014-03-12,2014-02-14,2014-02-14
2579313,5157,3384722,A.02.00,2014-03-12,2014-03-12,2579312,2014-02-14,2014-02-14,2579314,2014-03-20,2014-03-20,2014-03-12,2014-03-12
2579314,5157,3384722,A.02.00,2014-03-20,2014-03-20,2579313,2014-03-12,2014-03-12,2579315,2014-03-29,2014-03-29,2014-03-20,2014-03-20
2579315,5157,2029351,A.02.00,2014-03-29,2014-03-29,2579314,2014-03-20,2014-03-20,2579316,2014-04-08,2014-04-08,2014-03-29,2014-03-29
2579316,5157,3384722,A.02.00,2014-04-08,2014-04-08,2579315,2014-03-29,2014-03-29,2579317,2014-04-12,2014-04-12,2014-04-08,2014-04-08
2579317,5157,3384722,A.02.00,2014-04-12,2014-04-12,2579316,2014-04-08,2014-04-08,2579318,2014-04-19,2014-04-19,2014-04-12,2014-04-12
2579318,5157,3384722,A.02.00,2014-04-19,2014-04-19,2579317,2014-04-12,2014-04-12,2579319,2014-04-22,2014-04-22,2014-04-19,2014-04-19
2579319,5157,3384722,A.02.00,2014-04-22,2014-04-22,2579318,2014-04-19,2014-04-19,2579320,2014-04-23,2014-04-23,2014-04-22,2014-04-22
2579320,5157,3384722,A.02.00,2014-04-23,2014-04-23,2579319,2014-04-22,2014-04-22,2579321,2014-04-25,2014-04-25,2014-04-23,2014-04-23
2579321,5157,3384722,A.02.00,2014-04-25,2014-04-25,2579320,2014-04-23,2014-04-23,2579322,2014-04-26,2014-10-31,2014-04-25,2014-04-25
2579322,5157,3384722,A.05.02,2014-04-26,2014-10-31,2579321,2014-04-25,2014-04-25,2579323,2014-06-21,2014-06-21,2014-04-26,2014-10-31
2579323,5157,1509226,A.02.00,2014-06-21,2014-06-21,2579322,2014-04-26,2014-10-31,2579324,2014-12-06,2014-12-06,2014-06-21,2014-06-21
2579324,5157,3384722,A.02.00,2014-12-06,2014-12-06,2579323,2014-06-21,2014-06-21,2579325,2014-12-12,2014-12-12,2014-12-06,2014-12-06
2579325,5157,3384722,A.02.00,2014-12-12,2014-12-12,2579324,2014-12-06,2014-12-06,2579326,2014-12-13,2014-12-13,2014-12-12,2014-12-12
2579326,5157,3384722,A.02.00,2014-12-13,2014-12-13,2579325,2014-12-12,2014-12-12,2579327,2014-12-20,2014-12-20,2014-12-13,2014-12-13
2579327,5157,772860,A.02.00,2014-12-20,2014-12-20,2579326,2014-12-13,2014-12-13,2579328,2014-12-27,2014-12-27,2014-12-20,2014-12-20
2579328,5157,3384722,A.02.00,2014-12-27,2014-12-27,2579327,2014-12-20,2014-12-20,2579329,2014-12-28,2014-12-28,2014-12-27,2014-12-27
2579329,5157,3384722,A.02.00,2014-12-28,2014-12-28,2579328,2014-12-27,2014-12-27,2579330,2014-12-29,2014-12-29,2014-12-28,2014-12-28
2579330,5157,3384722,A.02.00,2014-12-29,2014-12-29,2579329,2014-12-28,2014-12-28,2579331,2014-12-31,2014-12-31,2014-12-29,2014-12-29
2579331,5157,3384722,A.02.00,2014-12-31,2014-12-31,2579330,2014-12-29,2014-12-29,2579332,2015-01-01,2015-01-01,2014-12-31,2014-12-31
2579332,5157,3384722,A.02.00,2015-01-01,2015-01-01,2579331,2014-12-31,2014-12-31,2579333,2015-03-13,2015-03-13,2015-01-01,2015-01-01
2579333,5157,3384722,A.02.00,2015-03-13,2015-03-13,2579332,2015-01-01,2015-01-01,2579334,2015-03-30,2015-03-30,2015-03-13,2015-03-13
2579334,5157,3384722,A.02.00,2015-03-30,2015-03-30,2579333,2015-03-13,2015-03-13,2579335,2015-03-31,2015-03-31,2015-03-30,2015-03-30
2579335,5157,3384722,A.02.00,2015-03-31,2015-03-31,2579334,2015-03-30,2015-03-30,2579336,2015-04-02,2015-04-02,2015-03-31,2015-03-31
2579336,5157,3384722,A.02.00,2015-04-02,2015-04-02,2579335,2015-03-31,2015-03-31,2579337,2015-04-03,2015-04-03,2015-04-02,2015-04-02
2579337,5157,3384722,A.02.00,2015-04-03,2015-04-03,2579336,2015-04-02,2015-04-02,2579338,2015-04-04,2015-04-04,2015-04-03,2015-04-03
2579338,5157,3384722,A.02.00,2015-04-04,2015-04-04,2579337,2015-04-03,2015-04-03,2579339,2015-04-09,2015-04-09,2015-04-04,2015-04-04
2579339,5157,3384722,A.02.00,2015-04-09,2015-04-09,2579338,2015-04-04,2015-04-04,2579340,2015-04-11,2015-04-11,2015-04-09,2015-04-09
2579340,5157,3384722,A.02.00,2015-04-11,2015-04-11,2579339,2015-04-09,2015-04-09,2579341,2015-04-12,2015-04-12,2015-04-11,2015-04-11
2579341,5157,3384722,A.02.00,2015-04-12,2015-04-12,2579340,2015-04-11,2015-04-11,2579342,2015-04-15,2015-11-08,2015-04-12,2015-04-12
2579342,5157,3384722,A.05.02,2015-04-15,2015-11-08,2579341,2015-04-12,2015-04-12,2579343,2015-05-31,2015-05-31,2015-04-15,2015-11-08
2579343,5157,173249,A.02.00,2015-05-31,2015-05-31,2579342,2015-04-15,2015-11-08,2579344,2015-09-18,2015-09-18,2015-05-31,2015-05-31
2579344,5157,173249,A.02.00,2015-09-18,2015-09-18,2579343,2015-05-31,2015-05-31,2579345,2015-11-29,2015-11-29,2015-09-18,2015-09-18
2579345,5157,3384722,A.02.00,2015-11-29,2015-11-29,2579344,2015-09-18,2015-09-18,2579346,2015-12-04,2016-01-06,2015-11-29,2015-11-29
2579346,5157,3384722,A.05.02,2015-12-04,2016-01-06,2579345,2015-11-29,2015-11-29,2579347,2016-01-21,2016-01-21,2015-12-04,2016-01-06
2579347,5157,3384722,A.02.00,2016-01-21,2016-01-21,2579346,2015-12-04,2016-01-06,2579348,2016-01-22,2016-01-22,2016-01-21,2016-01-21
2579348,5157,3384722,A.02.00,2016-01-22,2016-01-22,2579347,2016-01-21,2016-01-21,2579349,2016-01-29,2016-01-29,2016-01-22,2016-01-22
2579349,5157,3384722,A.02.00,2016-01-29,2016-01-29,2579348,2016-01-22,2016-01-22,2579350,2016-02-01,2016-02-01,2016-01-29,2016-01-29
2579350,5157,3384722,A.02.00,2016-02-01,2016-02-01,2579349,2016-01-29,2016-01-29,2579351,2016-02-02,2016-02-02,2016-02-01,2016-02-01
2579351,5157,3384722,A.02.00,2016-02-02,2016-02-02,2579350,2016-02-01,2016-02-01,2579352,2016-03-21,2016-03-21,2016-02-02,2016-02-02
2579352,5157,3384722,A.02.00,2016-03-21,2016-03-21,2579351,2016-02-02,2016-02-02,2579353,2016-03-23,2016-03-23,2016-03-21,2016-03-21
2579353,5157,3384722,A.02.00,2016-03-23,2016-03-23,2579352,2016-03-21,2016-03-21,2579354,2016-03-24,2016-03-24,2016-03-23,2016-03-23
2579354,5157,3384722,A.02.00,2016-03-24,2016-03-24,2579353,2016-03-23,2016-03-23,2579355,2016-03-25,2016-03-25,2016-03-24,2016-03-24
2579355,5157,3384722,A.02.00,2016-03-25,2016-03-25,2579354,2016-03-24,2016-03-24,2579356,2016-03-28,2016-03-28,2016-03-25,2016-03-25
2579356,5157,3384722,A.02.00,2016-03-28,2016-03-28,2579355,2016-03-25,2016-03-25,2579357,2016-03-30,2017-01-06,2016-03-28,2016-03-28
2579357,5157,3384722,A.05.02,2016-03-30,2017-01-06,2579356,2016-03-28,2016-03-28,2579358,2016-05-29,2016-05-29,2016-03-30,2017-01-06
2579358,5157,772860,A.02.00,2016-05-29,2016-05-29,2579357,2016-03-30,2017-01-06,2579359,2016-06-16,2016-06-16,2016-05-29,2016-05-29
2579359,5157,772860,A.02.00,2016-06-16,2016-06-16,2579358,2016-05-29,2016-05-29,2579360,2016-10-21,2016-10-21,2016-06-16,2016-06-16
2579360,5157,772860,A.02.00,2016-10-21,2016-10-21,2579359,2016-06-16,2016-06-16,2579361,2017-02-18,2017-02-18,2016-10-21,2016-10-21
2579361,5157,3384722,A.02.00,2017-02-18,2017-02-18,2579360,2016-10-21,2016-10-21,2579362,2017-03-16,2017-03-16,2017-02-18,2017-02-18
2579362,5157,3384722,A.02.00,2017-03-16,2017-03-16,2579361,2017-02-18,2017-02-18,2579363,2017-03-21,2017-03-21,2017-03-16,2017-03-16
2579363,5157,3384722,A.02.00,2017-03-21,2017-03-21,2579362,2017-03-16,2017-03-16,2579364,2017-03-23,2017-03-23,2017-03-21,2017-03-21
2579364,5157,3384722,A.02.00,2017-03-23,2017-03-23,2579363,2017-03-21,2017-03-21,2579365,2017-03-24,2017-03-24,2017-03-23,2017-03-23
2579365,5157,3384722,A.02.00,2017-03-24,2017-03-24,2579364,2017-03-23,2017-03-23,2579366,2017-03-25,2017-03-25,2017-03-24,2017-03-24
2579366,5157,3384722,A.02.00,2017-03-25,2017-03-25,2579365,2017-03-24,2017-03-24,2579367,2017-03-28,2017-03-28,2017-03-25,2017-03-25
2579367,5157,3384722,A.02.00,2017-03-28,2017-03-28,2579366,2017-03-25,2017-03-25,2579368,2017-03-29,2017-03-29,2017-03-28,2017-03-28
2579368,5157,3384722,A.02.00,2017-03-29,2017-03-29,2579367,2017-03-28,2017-03-28,2579369,2017-03-30,2017-03-30,2017-03-29,2017-03-29
2579369,5157,3384722,A.02.00,2017-03-30,2017-03-30,2579368,2017-03-29,2017-03-29,2579370,2017-04-01,2018-01-07,2017-03-30,2017-03-30
2579370,5157,3384722,A.05.02,2017-04-01,2018-01-07,2579369,2017-03-30,2017-03-30,2579371,2017-12-09,2017-12-09,2017-04-01,2018-01-07
2579371,5157,5029499,A.02.00,2017-12-09,2017-12-09,2579370,2017-04-01,2018-01-07,2579372,2017-12-25,2017-12-26,2017-12-09,2017-12-09
2579372,5157,3991589,A.02.00,2017-12-25,2017-12-26,2579371,2017-12-09,2017-12-09,2579373,2018-01-01,2018-01-01,2017-12-25,2017-12-26
2579373,5157,3991589,A.02.00,2018-01-01,2018-01-01,2579372,2017-12-25,2017-12-26,2579374,2018-01-13,2018-01-13,2018-01-01,2018-01-01
2579374,5157,772860,A.02.00,2018-01-13,2018-01-13,2579373,2018-01-01,2018-01-01,2579375,2018-01-20,2018-01-20,2018-01-13,2018-01-13
2579375,5157,5029499,A.02.00,2018-01-20,2018-01-20,2579374,2018-01-13,2018-01-13,2579376,2018-02-10,2018-02-10,2018-01-20,2018-01-20
2579376,5157,761043494,A.02.00,2018-02-10,2018-02-10,2579375,2018-01-20,2018-01-20,2579377,2018-02-17,2018-02-17,2018-02-10,2018-02-10
2579377,5157,5029499,A.02.00,2018-02-17,2018-02-17,2579376,2018-02-10,2018-02-10,2579378,2018-02-22,2018-02-24,2018-02-17,2018-02-17
2579378,5157,761043494,A.02.00,2018-02-22,2018-02-24,2579377,2018-02-17,2018-02-17,2579379,2018-02-23,2018-02-23,2018-02-22,2018-02-24
2579379,5157,3384722,A.02.00,2018-02-23,2018-02-23,2579378,2018-02-22,2018-02-24,2579380,2018-02-28,2018-03-02,2018-02-23,2018-02-23
2579380,5157,761043494,A.02.00,2018-02-28,2018-03-02,2579379,2018-02-23,2018-02-23,2579381,2018-03-10,2018-03-10,2018-02-28,2018-03-02
2579381,5157,3384722,A.02.00,2018-03-10,2018-03-10,2579380,2018-02-28,2018-03-02,2579382,2018-03-12,2018-03-12,2018-03-10,2018-03-10
2579382,5157,3384722,A.02.00,2018-03-12,2018-03-12,2579381,2018-03-10,2018-03-10,2579383,2018-03-24,2018-03-24,2018-03-12,2018-03-12
2579383,5157,5029499,A.02.00,2018-03-24,2018-03-24,2579382,2018-03-12,2018-03-12,2579384,2018-03-31,2019-01-07,2018-03-24,2018-03-24
2579384,5157,3384722,A.05.02,2018-03-31,2019-01-07,2579383,2018-03-24,2018-03-24,2579385,2018-04-01,2018-04-02,2018-03-31,2019-01-07
2579385,5157,3991589,A.02.00,2018-04-01,2018-04-02,2579384,2018-03-31,2019-01-07,2579386,2018-04-28,2018-04-28,2018-04-01,2018-04-02
2579386,5157,1034402670,A.02.00,2018-04-28,2018-04-28,2579385,2018-04-01,2018-04-02,2579387,2018-05-01,2018-05-01,2018-04-28,2018-04-28
2579387,5157,3991589,A.02.00,2018-05-01,2018-05-01,2579386,2018-04-28,2018-04-28,2579388,2018-05-06,2018-05-06,2018-05-01,2018-05-01
2579388,5157,3991589,A.02.00,2018-05-06,2018-05-06,2579387,2018-05-01,2018-05-01,2579389,2018-05-08,2018-05-08,2018-05-06,2018-05-06
2579389,5157,1034402670,A.02.00,2018-05-08,2018-05-08,2579388,2018-05-06,2018-05-06,2579390,2018-05-13,2018-05-13,2018-05-08,2018-05-08
2579390,5157,3991589,A.02.00,2018-05-13,2018-05-13,2579389,2018-05-08,2018-05-08,2579391,2018-12-31,2018-12-31,2018-05-13,2018-05-13
2579391,5157,4814680,A.02.00,2018-12-31,2018-12-31,2579390,2018-05-13,2018-05-13,2579392,2019-03-15,2019-03-15,2018-12-31,2018-12-31
2579392,5157,3384722,A.02.00,2019-03-15,2019-03-15,2579391,2018-12-31,2018-12-31,2579393,2019-03-23,2019-03-23,2019-03-15,2019-03-15
2579393,5157,3384722,A.02.00,2019-03-23,2019-03-23,2579392,2019-03-15,2019-03-15,2579394,2019-03-24,2019-03-24,2019-03-23,2019-03-23
2579394,5157,3384722,A.02.00,2019-03-24,2019-03-24,2579393,2019-03-23,2019-03-23,2579395,2019-03-25,2019-03-25,2019-03-24,2019-03-24
2579395,5157,3384722,A.02.00,2019-03-25,2019-03-25,2579394,2019-03-24,2019-03-24,2579396,2019-03-27,2019-03-27,2019-03-25,2019-03-25
2579396,5157,3384722,A.02.00,2019-03-27,2019-03-27,2579395,2019-03-25,2019-03-25,2579397,2019-03-29,2019-03-29,2019-03-27,2019-03-27
2579397,5157,3384722,A.02.00,2019-03-29,2019-03-29,2579396,2019-03-27,2019-03-27,2579398,2019-03-31,2019-03-31,2019-03-29,2019-03-29
2579398,5157,3384722,A.02.00,2019-03-31,2019-03-31,2579397,2019-03-29,2019-03-29,2579399,2019-04-01,2019-04-01,2019-03-31,2019-03-31
2579399,5157,3384722,A.02.00,2019-04-01,2019-04-01,2579398,2019-03-31,2019-03-31,2579400,2019-04-03,2019-04-03,2019-04-01,2019-04-01
2579400,5157,3384722,A.02.00,2019-04-03,2019-04-03,2579399,2019-04-01,2019-04-01,2579401,2019-06-05,2019-06-05,2019-04-03,2019-04-03
2579401,5157,936111,A.02.00,2019-06-05,2019-06-05,2579400,2019-04-03,2019-04-03,332,2019-08-02,2019-08-02,2019-06-05,2019-06-05
332,5157,1936924,A.02.00,2019-08-02,2019-08-02,2579401,2019-06-05,2019-06-05,2579402,2019-08-20,2019-09-30,2019-08-02,2019-08-02
2579402,5157,4064374,A.05.02,2019-08-20,2019-09-30,332,2019-08-02,2019-08-02,333,2019-09-28,2019-09-29,2019-08-20,2019-09-30
333,5157,96120,A.02.00,2019-09-28,2019-09-29,2579402,2019-08-20,2019-09-30,334,2019-09-30,2019-09-30,2019-09-28,2019-09-29
334,5157,96120,A.02.00,2019-09-30,2019-09-30,333,2019-09-28,2019-09-29,335,2019-10-04,2019-10-05,2019-09-30,2019-09-30
335,5157,96120,A.02.00,2019-10-04,2019-10-05,334,2019-09-30,2019-09-30,336,2019-10-08,2019-10-08,2019-10-04,2019-10-05
336,5157,96120,A.02.00,2019-10-08,2019-10-08,335,2019-10-04,2019-10-05,337,2019-10-12,2019-10-12,2019-10-08,2019-10-08
337,5157,96120,A.02.00,2019-10-12,2019-10-12,336,2019-10-08,2019-10-08,338,2019-10-23,2019-10-24,2019-10-12,2019-10-12
338,5157,96120,A.02.00,2019-10-23,2019-10-24,337,2019-10-12,2019-10-12,339,2019-12-21,2019-12-21,2019-10-23,2019-10-24
339,5157,96120,A.02.00,2019-12-21,2019-12-21,338,2019-10-23,2019-10-24,2579403,2019-12-31,2019-12-31,2019-12-21,2019-12-21
2579403,5157,4814680,A.02.00,2019-12-31,2019-12-31,339,2019-12-21,2019-12-21,340,2020-01-27,2020-01-28,2019-12-31,2019-12-31
340,5157,96120,A.02.00,2020-01-27,2020-01-28,2579403,2019-12-31,2019-12-31,2579404,2020-02-03,2020-02-03,2020-01-27,2020-01-28
2579404,5157,846504,A.02.00,2020-02-03,2020-02-03,340,2020-01-27,2020-01-28,2579405,2020-03-26,2020-04-26,2020-02-03,2020-02-03
2579405,5157,4288041199,A.02.00,2020-03-26,2020-04-26,2579404,2020-02-03,2020-02-03,341,2020-08-02,2020-08-02,2020-03-26,2020-04-26
341,5157,96120,A.02.00,2020-08-02,2020-08-02,2579405,2020-03-26,2020-04-26,2579406,2020-08-11,2020-08-31,2020-08-02,2020-08-02
2579406,5157,4064374,A.05.02,2020-08-11,2020-08-31,341,2020-08-02,2020-08-02,2579407,2020-09-03,2020-09-04,2020-08-11,2020-08-31
2579407,5157,936111,A.02.00,2020-09-03,2020-09-04,2579406,2020-08-11,2020-08-31,2579408,2020-09-06,2020-09-06,2020-09-03,2020-09-04
2579408,5157,936111,A.02.00,2020-09-06,2020-09-06,2579407,2020-09-03,2020-09-04,2579409,2020-09-19,2020-09-19,2020-09-06,2020-09-06
2579409,5157,4049765,A.02.00,2020-09-19,2020-09-19,2579408,2020-09-06,2020-09-06,NULL,NULL,NULL,2020-09-19,2020-09-19
2579600,5375,2018030,A.01.00,1995-11-07,2015-06-23,NULL,NULL,NULL,2579601,2009-05-28,2009-05-28,1995-11-07,2015-06-23
2579601,5375,1337982,G.02.00,2009-05-28,2009-05-28,2579600,1995-11-07,2015-06-23,2579602,2011-12-26,2011-12-26,2009-05-28,2009-05-28
2579602,5375,3681991,G.02.00,2011-12-26,2011-12-26,2579601,2009-05-28,2009-05-28,2579603,2013-11-17,2013-11-17,2011-12-26,2011-12-26
2579603,5375,3681991,A.02.00,2013-11-17,2013-11-17,2579602,2011-12-26,2011-12-26,2579604,2016-03-01,2016-08-31,2013-11-17,2013-11-17
2579604,5375,3831269,A.02.00,2016-03-01,2016-08-31,2579603,2013-11-17,2013-11-17,352,2016-09-05,2016-09-08,2016-03-01,2016-08-31
352,5375,3335021,A.02.00,2016-09-05,2016-09-08,2579604,2016-03-01,2016-08-31,2579605,2016-11-03,2016-11-20,2016-09-05,2016-09-08
2579605,5375,2286268,G.03.00,2016-11-03,2016-11-20,352,2016-09-05,2016-09-08,353,2017-03-05,2017-03-05,2016-11-03,2016-11-20
353,5375,3614323,A.02.00,2017-03-05,2017-03-05,2579605,2016-11-03,2016-11-20,354,2017-03-12,2017-03-12,2017-03-05,2017-03-05
354,5375,3614323,A.02.00,2017-03-12,2017-03-12,353,2017-03-05,2017-03-05,355,2017-03-25,2017-03-26,2017-03-12,2017-03-12
355,5375,3614323,A.02.00,2017-03-25,2017-03-26,354,2017-03-12,2017-03-12,356,2017-04-02,2017-04-02,2017-03-25,2017-03-26
356,5375,3614323,A.02.00,2017-04-02,2017-04-02,355,2017-03-25,2017-03-26,357,2017-04-09,2017-04-09,2017-04-02,2017-04-02
357,5375,3614323,A.02.00,2017-04-09,2017-04-09,356,2017-04-02,2017-04-02,2579606,2017-04-10,2017-04-21,2017-04-09,2017-04-09
2579606,5375,45922,A.02.00,2017-04-10,2017-04-21,357,2017-04-09,2017-04-09,358,2017-04-23,2017-04-25,2017-04-10,2017-04-21
358,5375,3614323,A.02.00,2017-04-23,2017-04-25,2579606,2017-04-10,2017-04-21,2579607,2017-05-11,2017-05-19,2017-04-23,2017-04-25
2579607,5375,45922,A.02.00,2017-05-11,2017-05-19,358,2017-04-23,2017-04-25,2579608,2017-06-06,2017-07-14,2017-05-11,2017-05-19
2579608,5375,45922,A.02.00,2017-06-06,2017-07-14,2579607,2017-05-11,2017-05-19,2579609,2017-06-30,2017-11-30,2017-06-06,2017-07-14
2579609,5375,45922,A.02.00,2017-06-30,2017-11-30,2579608,2017-06-06,2017-07-14,359,2017-07-24,2017-07-24,2017-06-30,2017-11-30
359,5375,3335021,A.02.00,2017-07-24,2017-07-24,2579609,2017-06-30,2017-11-30,360,2017-08-07,2017-08-10,2017-07-24,2017-07-24
360,5375,3335021,A.02.00,2017-08-07,2017-08-10,359,2017-07-24,2017-07-24,2579610,2017-08-30,2017-10-31,2017-08-07,2017-08-10
2579610,5375,45922,A.02.00,2017-08-30,2017-10-31,360,2017-08-07,2017-08-10,361,2017-12-01,2017-12-31,2017-08-30,2017-10-31
361,5375,45922,A.02.00,2017-12-01,2017-12-31,2579610,2017-08-30,2017-10-31,2579611,2018-01-03,2018-03-31,2017-12-01,2017-12-31
2579611,5375,45922,A.02.00,2018-01-03,2018-03-31,361,2017-12-01,2017-12-31,2579612,2018-03-07,2018-04-06,2018-01-03,2018-03-31
2579612,5375,3335021,A.02.00,2018-03-07,2018-04-06,2579611,2018-01-03,2018-03-31,2579613,2018-10-22,2018-10-28,2018-03-07,2018-04-06
2579613,5375,1589992063,G.03.00,2018-10-22,2018-10-28,2579612,2018-03-07,2018-04-06,2579614,2018-11-18,2018-11-23,2018-10-22,2018-10-28
2579614,5375,3681991,A.02.00,2018-11-18,2018-11-23,2579613,2018-10-22,2018-10-28,2579615,2018-11-25,2018-11-25,2018-11-18,2018-11-23
2579615,5375,3681991,A.02.00,2018-11-25,2018-11-25,2579614,2018-11-18,2018-11-23,2579616,2019-02-08,2019-02-10,2018-11-25,2018-11-25
2579616,5375,1589992063,G.03.00,2019-02-08,2019-02-10,2579615,2018-11-25,2018-11-25,2579617,2019-03-26,2019-03-31,2019-02-08,2019-02-10
2579617,5375,1589992063,G.03.00,2019-03-26,2019-03-31,2579616,2019-02-08,2019-02-10,2579618,2019-06-25,2019-06-26,2019-03-26,2019-03-31
2579618,5375,4421181,G.03.00,2019-06-25,2019-06-26,2579617,2019-03-26,2019-03-31,2579619,2019-07-16,2019-08-10,2019-06-25,2019-06-26
2579619,5375,4421181,G.03.00,2019-07-16,2019-08-10,2579618,2019-06-25,2019-06-26,NULL,NULL,NULL,2019-07-16,2019-08-10
457,5687,2615249,A.02.00,2010-06-28,2010-07-02,NULL,NULL,NULL,2580981,2011-09-01,2012-04-30,2010-06-28,2010-07-02
2580981,5687,2721509,A.01.00,2011-09-01,2012-04-30,457,2010-06-28,2010-07-02,2580982,2013-02-15,2013-12-31,2011-09-01,2012-04-30
2580982,5687,1301772,A.02.00,2013-02-15,2013-12-31,2580981,2011-09-01,2012-04-30,2580983,2014-03-25,2014-11-08,2013-02-15,2013-12-31
2580983,5687,1301772,A.02.00,2014-03-25,2014-11-08,2580982,2013-02-15,2013-12-31,458,2014-11-17,2014-12-23,2014-03-25,2014-11-08
458,5687,961848,A.02.00,2014-11-17,2014-12-23,2580983,2014-03-25,2014-11-08,459,2015-01-07,2015-07-31,2014-11-17,2014-12-23
459,5687,961848,A.02.00,2015-01-07,2015-07-31,458,2014-11-17,2014-12-23,460,2015-08-03,2015-08-08,2015-01-07,2015-07-31
460,5687,961848,A.02.00,2015-08-03,2015-08-08,459,2015-01-07,2015-07-31,461,2015-09-02,2015-12-23,2015-08-03,2015-08-08
461,5687,961848,A.02.00,2015-09-02,2015-12-23,460,2015-08-03,2015-08-08,462,2016-01-07,2016-12-31,2015-09-02,2015-12-23
462,5687,961848,A.02.00,2016-01-07,2016-12-31,461,2015-09-02,2015-12-23,463,2017-02-01,2018-12-31,2016-01-07,2016-12-31
463,5687,961848,A.02.00,2017-02-01,2018-12-31,462,2016-01-07,2016-12-31,464,2018-01-08,2018-08-10,2017-02-01,2018-12-31
464,5687,88232,A.02.00,2018-01-08,2018-08-10,463,2017-02-01,2018-12-31,465,2018-05-08,2018-08-03,2018-01-08,2018-08-10
465,5687,5631597,A.02.00,2018-05-08,2018-08-03,464,2018-01-08,2018-08-10,466,2018-08-06,2018-08-10,2018-05-08,2018-08-03
466,5687,1486680,A.02.00,2018-08-06,2018-08-10,465,2018-05-08,2018-08-03,467,2018-08-27,2018-12-31,2018-08-06,2018-08-10
467,5687,5631597,A.02.00,2018-08-27,2018-12-31,466,2018-08-06,2018-08-10,468,2019-01-07,2019-03-16,2018-08-27,2018-12-31
468,5687,5631597,A.02.00,2019-01-07,2019-03-16,467,2018-08-27,2018-12-31,469,2019-05-03,2019-05-31,2019-01-07,2019-03-16
469,5687,152199,A.02.00,2019-05-03,2019-05-31,468,2019-01-07,2019-03-16,470,2019-06-06,2019-08-03,2019-05-03,2019-05-31
470,5687,2738471,A.02.00,2019-06-06,2019-08-03,469,2019-05-03,2019-05-31,471,2019-09-09,2021-01-16,2019-06-06,2019-08-03
471,5687,2106508,A.02.00,2019-09-09,2021-01-16,470,2019-06-06,2019-08-03,NULL,NULL,NULL,2019-09-09,2021-01-16
2581149,5990,850020,A.02.00,2009-03-19,2009-03-31,NULL,NULL,NULL,2581150,2009-05-12,2009-05-21,2009-03-19,2009-03-31
2581150,5990,850020,A.02.01,2009-05-12,2009-05-21,2581149,2009-03-19,2009-03-31,2581151,2009-07-01,2009-08-31,2009-05-12,2009-05-21
2581151,5990,14789,A.02.00,2009-07-01,2009-08-31,2581150,2009-05-12,2009-05-21,2581152,2010-02-12,2010-03-28,2009-07-01,2009-08-31
2581152,5990,166692,A.05.01,2010-02-12,2010-03-28,2581151,2009-07-01,2009-08-31,2581153,2010-07-05,2010-08-31,2010-02-12,2010-03-28
2581153,5990,14789,A.02.00,2010-07-05,2010-08-31,2581152,2010-02-12,2010-03-28,2581154,2011-08-03,2011-08-31,2010-07-05,2010-08-31
2581154,5990,14789,A.02.00,2011-08-03,2011-08-31,2581153,2010-07-05,2010-08-31,2581155,2012-12-03,2013-01-16,2011-08-03,2011-08-31
2581155,5990,1475346,A.02.00,2012-12-03,2013-01-16,2581154,2011-08-03,2011-08-31,2581156,2014-02-26,2015-03-31,2012-12-03,2013-01-16
2581156,5990,3037721,A.05.02,2014-02-26,2015-03-31,2581155,2012-12-03,2013-01-16,478,2014-10-20,2014-12-31,2014-02-26,2015-03-31
478,5990,1530702,A.02.00,2014-10-20,2014-12-31,2581156,2014-02-26,2015-03-31,2581157,2015-04-01,2018-06-09,2014-10-20,2014-12-31
2581157,5990,1929886,A.01.00,2015-04-01,2018-06-09,478,2014-10-20,2014-12-31,2581158,2018-05-23,2018-08-31,2015-04-01,2018-06-09
2581158,5990,4822105,A.02.00,2018-05-23,2018-08-31,2581157,2015-04-01,2018-06-09,2581159,2018-06-30,2018-09-30,2018-05-23,2018-08-31
2581159,5990,1401370855,A.05.02,2018-06-30,2018-09-30,2581158,2018-05-23,2018-08-31,2581160,2018-09-12,2019-02-28,2018-06-30,2018-09-30
2581160,5990,4822105,A.02.00,2018-09-12,2019-02-28,2581159,2018-06-30,2018-09-30,2581161,2018-10-29,2019-03-31,2018-09-12,2019-02-28
2581161,5990,1991905923,A.05.02,2018-10-29,2019-03-31,2581160,2018-09-12,2019-02-28,2581162,2019-03-07,2019-04-07,2018-10-29,2019-03-31
2581162,5990,531187938,A.05.02,2019-03-07,2019-04-07,2581161,2018-10-29,2019-03-31,2581163,2019-04-20,2019-04-22,2019-03-07,2019-04-07
2581163,5990,2758328921,A.02.00,2019-04-20,2019-04-22,2581162,2019-03-07,2019-04-07,2581164,2019-06-08,2019-09-30,2019-04-20,2019-04-22
2581164,5990,1401370855,A.05.02,2019-06-08,2019-09-30,2581163,2019-04-20,2019-04-22,2581165,2019-12-04,2020-01-31,2019-06-08,2019-09-30
2581165,5990,1940957,A.02.00,2019-12-04,2020-01-31,2581164,2019-06-08,2019-09-30,NULL,NULL,NULL,2019-12-04,2020-01-31
