id,worker_id,dt_start,dt_end,cod_res,cod_res_rev,id_lag,id_lead
1,13,2009-02-10,2009-05-25,G879,G879,NULL,2
2,13,2009-12-23,2010-02-19,D508,D508,1,3
3,13,2011-02-21,2011-04-30,G921,G921,2,4
4,13,2011-05-03,2011-05-11,G921,NULL,3,5
5,13,2011-05-11,2011-11-05,G921,NULL,4,6
6,13,2011-11-16,2012-05-15,G921,NULL,5,7
7,13,2012-05-21,2012-06-30,D390,D390,6,8
8,13,2012-10-15,2012-12-07,D390,NULL,7,9
9,13,2013-02-20,2013-04-22,D390,NULL,8,10
10,13,2013-04-23,2013-04-24,D390,NULL,9,11
11,13,2015-04-27,2099-01-01,I741,I741,10,NULL
12,20,2014-05-02,2014-07-08,,I040,NULL,13
13,20,2017-01-14,2017-01-31,,NULL,12,14
14,20,2017-11-06,2017-12-15,I040,NULL,13,NULL
15,23,2009-10-19,2009-11-19,E454,E454,NULL,16
16,23,2011-03-04,2012-03-03,E454,NULL,15,17
17,23,2011-10-25,2099-01-01,,NULL,16,18
18,23,2012-04-01,2014-10-31,E454,NULL,17,19
19,23,2014-11-01,2099-01-01,,NULL,18,NULL
20,29,2014-11-24,2017-02-11,,N.D.,NULL,NULL
21,42,2016-01-22,2016-05-05,G582,G582,NULL,NULL
22,44,2014-01-08,2014-01-16,G582,G582,NULL,NULL
23,45,2013-08-07,2014-04-06,G582,G582,NULL,24
24,45,2014-05-07,2014-05-10,G582,NULL,23,NULL
25,48,2012-08-11,2012-08-31,G582,G582,NULL,26
26,48,2013-08-10,2013-08-31,G582,NULL,25,NULL
27,54,2001-01-18,2010-12-31,,N.D.,NULL,NULL
28,55,1997-03-24,2020-09-30,H389,H389,NULL,NULL
29,64,2008-03-11,2011-03-12,B285,B285,NULL,NULL
30,66,2016-09-26,2016-10-31,,N.D.,NULL,31
31,66,2016-11-02,2016-12-31,,NULL,30,32
32,66,2017-01-02,2017-03-31,,NULL,31,33
33,66,2017-04-01,2017-06-30,,NULL,32,34
34,66,2017-07-01,2017-09-30,,NULL,33,35
35,66,2017-10-02,2017-12-31,,NULL,34,36
36,66,2018-01-02,2018-06-30,,NULL,35,37
37,66,2018-07-02,2018-12-31,,NULL,36,38
38,66,2019-01-02,2019-03-31,,NULL,37,39
39,66,2019-04-01,2019-06-30,,NULL,38,40
40,66,2019-07-01,2019-09-30,,NULL,39,41
41,66,2019-10-01,2019-12-31,,NULL,40,42
42,66,2020-01-02,2020-03-31,,NULL,41,43
43,66,2020-04-01,2020-05-31,,NULL,42,44
44,66,2020-06-01,2020-06-30,,NULL,43,45
45,66,2020-07-01,2020-07-31,,NULL,44,46
46,66,2020-08-01,2020-10-31,,NULL,45,47
47,66,2020-11-02,2021-01-31,,NULL,46,48
48,66,2021-02-01,2021-03-31,,NULL,47,49
49,66,2021-04-01,2021-04-30,,NULL,48,50
50,66,2021-05-03,2021-06-30,,NULL,49,51
51,66,2021-07-01,2021-09-30,,NULL,50,52
52,66,2021-10-01,2021-12-31,,NULL,51,NULL
53,71,2016-12-01,2017-05-31,,N.D.,NULL,54
54,71,2017-06-01,2020-05-29,,NULL,53,55
55,71,2020-06-01,2099-01-01,,NULL,54,NULL
56,81,1991-01-01,2012-05-31,E153,E153,NULL,57
57,81,2012-06-01,2015-03-31,E153,NULL,56,NULL
58,84,2007-02-10,2014-01-07,D862,D862,NULL,59
59,84,2014-04-08,2014-11-01,E054,E054,58,60
60,84,2015-03-06,2015-11-02,E054,NULL,59,61
61,84,2016-05-02,2016-09-30,E054,NULL,60,62
62,84,2017-03-17,2017-10-31,E054,NULL,61,63
63,84,2018-03-23,2018-10-31,E054,NULL,62,64
64,84,2019-04-05,2019-11-03,E054,NULL,63,65
65,84,2020-06-18,2020-10-31,E054,NULL,64,66
66,84,2021-05-01,2021-05-31,E054,NULL,65,NULL
67,85,2016-06-24,2099-01-01,,N.D.,NULL,68
68,85,2020-10-22,2020-12-22,,NULL,67,69
69,85,2021-01-18,2021-01-25,,NULL,68,70
70,85,2021-10-11,2021-10-26,,NULL,69,71
71,85,2021-10-27,2021-11-26,,NULL,70,72
72,85,2021-10-30,2022-03-31,,NULL,71,73
73,85,2021-11-27,2021-12-27,,NULL,72,74
74,85,2021-12-28,2022-01-27,,NULL,73,NULL
75,86,2007-04-23,2016-09-30,E514,E514,NULL,76
76,86,2016-12-02,2016-12-16,,NULL,75,77
77,86,2016-12-28,2018-08-03,,NULL,76,78
78,86,2018-08-29,2018-12-21,,NULL,77,79
79,86,2019-02-13,2099-01-01,,NULL,78,NULL
80,87,2007-10-26,2009-05-04,B399,B399,NULL,81
81,87,2009-10-03,2010-05-16,B399,NULL,80,82
82,87,2010-07-02,2010-09-30,E883,E883,81,83
83,87,2010-10-02,2011-05-15,L795,L795,82,84
84,87,2011-03-01,2011-03-31,E883,NULL,83,85
85,87,2011-05-06,2011-05-31,E883,NULL,84,86
86,87,2011-10-14,2011-11-13,E883,NULL,85,87
87,87,2012-04-06,2012-04-30,,NULL,86,NULL
88,90,1975-10-01,2011-09-01,B809,B809,NULL,NULL
89,95,2012-07-03,2012-09-30,L781,L781,NULL,90
90,95,2016-12-06,2017-12-05,,NULL,89,91
91,95,2017-04-26,2017-09-22,L781,NULL,90,92
92,95,2017-10-26,2018-04-25,L781,NULL,91,93
93,95,2017-11-13,2018-05-11,,NULL,92,94
94,95,2018-04-03,2099-01-01,L781,NULL,93,NULL
95,102,2010-07-03,2011-04-01,C650,C650,NULL,96
96,102,2011-04-08,2011-12-30,E906,E906,95,97
97,102,2012-02-18,2012-11-30,E906,NULL,96,98
98,102,2013-09-07,2014-03-31,E723,E723,97,99
99,102,2020-06-27,2020-09-30,,NULL,98,100
100,102,2021-05-27,2021-09-30,,NULL,99,NULL
101,108,2016-12-06,2099-01-01,,N.D.,NULL,NULL
102,111,2009-10-05,2010-09-30,D969,D969,NULL,103
103,111,2017-02-20,2099-01-01,D969,NULL,102,NULL
104,120,1997-05-01,2016-12-31,,N.D.,NULL,NULL
105,128,2016-10-10,2099-01-01,,N.D.,NULL,NULL
106,130,2013-01-14,2013-01-27,,B413,NULL,107
107,130,2013-02-26,2013-03-05,,NULL,106,108
108,130,2013-03-27,2013-04-06,,NULL,107,109
109,130,2013-04-11,2013-04-18,,NULL,108,110
110,130,2013-10-03,2013-10-24,,NULL,109,111
111,130,2013-11-05,2013-11-12,,NULL,110,112
112,130,2013-12-23,2013-12-31,,NULL,111,113
113,130,2014-01-08,2014-01-31,,NULL,112,114
114,130,2014-02-11,2014-03-14,,NULL,113,115
115,130,2014-03-27,2014-03-31,,NULL,114,116
116,130,2014-04-29,2014-05-07,,NULL,115,117
117,130,2014-07-14,2014-07-18,,NULL,116,118
118,130,2014-09-11,2014-09-21,B413,NULL,117,119
119,130,2014-11-01,2014-11-12,B413,NULL,118,120
120,130,2015-09-22,2015-09-29,B413,NULL,119,121
121,130,2015-10-06,2015-10-07,B413,NULL,120,122
122,130,2017-09-20,2017-09-23,,NULL,121,123
123,130,2018-02-27,2018-03-02,F027,F027,122,NULL
124,137,2009-05-07,2099-01-01,H825,H825,NULL,NULL
125,152,1976-10-01,2016-08-31,,N.D.,NULL,NULL
126,164,2013-03-09,2016-03-31,,L220,NULL,127
127,164,2016-06-02,2017-09-30,L220,NULL,126,NULL
128,183,2013-12-07,2013-12-15,,N.D.,NULL,129
129,183,2016-09-19,2016-12-31,,NULL,128,130
130,183,2017-01-02,2099-01-01,,NULL,129,131
131,183,2019-03-23,2099-01-01,,NULL,130,NULL
132,191,2007-10-18,2011-06-26,F839,F839,NULL,NULL
133,194,2009-05-21,2012-03-15,D643,D643,NULL,134
134,194,2012-08-28,2019-11-18,F839,F839,133,135
135,194,2020-02-24,2020-02-29,D643,NULL,134,136
136,194,2020-03-01,2099-01-01,D643,NULL,135,137
137,194,2021-09-27,2021-12-31,,NULL,136,NULL
138,198,2008-09-01,2009-06-30,L781,L781,NULL,139
139,198,2009-09-01,2010-06-30,L781,NULL,138,140
140,198,2010-08-31,2010-08-31,L781,NULL,139,141
141,198,2010-09-01,2011-06-30,G288,G288,140,142
142,198,2011-09-01,2012-06-30,G288,NULL,141,143
143,198,2012-09-05,2013-06-30,E289,E289,142,144
144,198,2013-09-04,2014-06-30,,NULL,143,145
145,198,2014-09-01,2099-01-01,,NULL,144,146
146,198,2016-09-01,2017-08-31,,NULL,145,NULL
147,225,1989-08-28,2016-12-02,,N.D.,NULL,NULL
148,235,2011-11-01,2099-01-01,G942,G942,NULL,149
149,235,2018-04-15,2099-01-01,C704,C704,148,NULL
150,238,2009-04-15,2011-12-31,B872,B872,NULL,151
151,238,2012-01-01,2015-12-31,B872,NULL,150,NULL
152,242,1998-08-25,2018-03-06,,N.D.,NULL,NULL
153,254,2015-05-30,2099-01-01,,N.D.,NULL,154
154,254,2016-07-15,2016-09-01,,NULL,153,155
155,254,2017-02-01,2017-08-31,,NULL,154,156
156,254,2017-08-19,2017-09-06,,NULL,155,157
157,254,2017-11-23,2018-05-31,,NULL,156,158
158,254,2018-06-01,2018-07-15,,NULL,157,159
159,254,2018-08-27,2019-02-26,,NULL,158,160
160,254,2019-06-11,2019-07-02,,NULL,159,161
161,254,2019-11-11,2020-09-15,,NULL,160,162
162,254,2020-10-15,2021-01-07,,NULL,161,163
163,254,2021-05-22,2021-06-25,,NULL,162,NULL
164,256,1995-12-01,2014-12-16,,N.D.,NULL,165
165,256,2015-02-01,2017-02-28,,NULL,164,166
166,256,2017-03-21,2018-01-31,,NULL,165,NULL
167,257,2009-06-06,2009-11-26,C573,C573,NULL,168
168,257,2010-03-04,2011-09-08,G811,G811,167,169
169,257,2016-09-27,2016-11-30,,NULL,168,170
170,257,2017-04-27,2017-10-07,,NULL,169,171
171,257,2017-10-02,2017-12-22,,NULL,170,172
172,257,2018-01-08,2018-03-31,,NULL,171,173
173,257,2018-04-09,2018-04-30,,NULL,172,174
174,257,2018-05-16,2018-05-31,,NULL,173,175
175,257,2018-06-16,2018-08-10,,NULL,174,176
176,257,2018-09-05,2019-07-01,,NULL,175,177
177,257,2021-05-03,2021-09-30,C034,C034,176,178
178,257,2021-10-01,2021-12-23,G568,G568,177,NULL
179,267,2007-10-01,2010-05-20,G999,G999,NULL,180
180,267,2010-09-02,2011-03-20,G999,NULL,179,181
181,267,2011-11-11,2012-10-31,E202,E202,180,182
182,267,2013-03-06,2099-01-01,E202,NULL,181,183
183,267,2016-12-06,2016-12-11,G451,G451,182,184
184,267,2016-12-17,2016-12-18,G451,NULL,183,185
185,267,2017-01-02,2017-04-14,G494,G494,184,186
186,267,2017-04-18,2017-05-07,G494,NULL,185,187
187,267,2019-12-02,2020-05-31,,NULL,186,188
188,267,2020-06-01,2020-07-31,,NULL,187,NULL
189,271,2007-05-09,2010-01-10,F944,F944,NULL,190
190,271,2009-10-05,2013-04-03,C037,C037,189,191
191,271,2013-04-04,2016-08-05,A132,A132,190,192
192,271,2019-12-21,2020-04-20,A132,NULL,191,193
193,271,2021-08-01,2021-09-30,A132,NULL,192,NULL
194,295,2000-05-02,2017-02-28,,N.D.,NULL,NULL
195,318,2009-01-07,2009-03-28,B963,B963,NULL,196
196,318,2009-04-08,2009-07-31,B963,NULL,195,197
197,318,2009-08-31,2009-12-23,B963,NULL,196,198
198,318,2016-04-04,2016-08-05,,NULL,197,199
199,318,2016-08-31,2016-09-16,,NULL,198,200
200,318,2016-09-27,2016-09-30,,NULL,199,201
201,318,2016-10-11,2016-10-14,,NULL,200,202
202,318,2017-02-20,2017-06-15,,NULL,201,203
203,318,2017-07-03,2017-08-11,,NULL,202,204
204,318,2017-09-18,2017-10-31,,NULL,203,205
205,318,2017-12-11,2018-01-19,,NULL,204,206
206,318,2018-02-19,2018-03-30,,NULL,205,207
207,318,2018-04-03,2018-05-31,,NULL,206,208
208,318,2018-06-25,2018-08-19,,NULL,207,209
209,318,2018-09-24,2018-10-31,,NULL,208,210
210,318,2018-12-03,2019-01-31,,NULL,209,211
211,318,2019-02-18,2019-03-16,,NULL,210,212
212,318,2019-03-25,2099-01-01,,NULL,211,NULL
213,326,2017-03-06,2017-04-07,,N.D.,NULL,214
214,326,2017-05-23,2017-05-31,,NULL,213,215
215,326,2019-04-30,2019-05-09,,NULL,214,216
216,326,2019-05-14,2019-06-08,,NULL,215,217
217,326,2019-10-11,2020-06-16,,NULL,216,218
218,326,2020-10-12,2021-04-23,,NULL,217,219
219,326,2021-04-24,2021-06-25,,NULL,218,220
220,326,2021-10-04,2022-06-30,,NULL,219,221
221,326,2021-10-21,2022-04-06,,NULL,220,NULL
222,336,2016-11-28,2016-12-12,L483,L483,NULL,223
223,336,2018-01-08,2018-07-07,,NULL,222,224
224,336,2018-07-16,2021-08-11,L483,NULL,223,225
225,336,2021-09-01,2099-01-01,,NULL,224,NULL
226,338,2008-01-24,2012-07-31,B481,B481,NULL,227
227,338,2012-08-02,2013-07-17,B481,NULL,226,228
228,338,2013-07-18,2013-07-31,B481,NULL,227,229
229,338,2013-08-01,2014-03-11,B481,NULL,228,230
230,338,2014-04-24,2014-08-24,B481,NULL,229,231
231,338,2014-09-17,2014-12-19,B481,NULL,230,232
232,338,2015-01-09,2018-10-27,C385,C385,231,233
233,338,2018-09-12,2099-01-01,D847,D847,232,NULL
234,341,2002-06-01,2010-02-08,L483,L483,NULL,NULL
235,362,2017-05-10,2018-01-29,,H398,NULL,236
236,362,2018-02-02,2099-01-01,,NULL,235,237
237,362,2018-02-02,2019-05-08,,NULL,236,238
238,362,2019-04-24,2020-03-31,H398,NULL,237,239
239,362,2021-12-04,2099-01-01,,NULL,238,NULL
240,364,2009-01-01,2010-12-31,F240,F240,NULL,241
241,364,2011-01-01,2011-03-31,F240,NULL,240,242
242,364,2011-04-01,2011-12-31,E666,E666,241,243
243,364,2012-01-02,2015-01-01,A874,A874,242,244
244,364,2012-01-02,2099-01-01,,A874,243,245
245,364,2018-08-13,2099-01-01,,NULL,244,NULL
246,368,2008-07-18,2011-07-21,G170,G170,NULL,NULL
247,370,2005-01-03,2009-12-02,L885,L885,NULL,248
248,370,2009-12-03,2010-11-06,C745,C745,247,249
249,370,2012-01-16,2099-01-01,C745,NULL,248,NULL
250,375,2017-03-08,2017-03-08,,H110,NULL,251
251,375,2017-08-24,2017-11-14,,NULL,250,252
252,375,2018-05-15,2020-04-19,H110,NULL,251,253
253,375,2020-12-01,2020-12-30,,NULL,252,254
254,375,2021-01-07,2021-02-03,,NULL,253,255
255,375,2021-11-30,2021-12-30,,NULL,254,NULL
256,379,2016-10-17,2017-04-16,,N.D.,NULL,257
257,379,2018-06-14,2018-09-30,,NULL,256,NULL
258,380,2017-02-15,2017-07-31,A859,A859,NULL,259
259,380,2017-09-04,2017-12-23,A859,NULL,258,260
260,380,2017-12-27,2018-12-22,,NULL,259,261
261,380,2019-05-15,2019-09-15,,NULL,260,262
262,380,2020-03-23,2099-01-01,,NULL,261,263
263,380,2020-09-28,2022-09-30,,NULL,262,NULL
264,388,2009-01-02,2009-12-31,G927,G927,NULL,265
265,388,2010-01-02,2010-12-31,G927,NULL,264,266
266,388,2011-01-03,2011-12-31,G927,NULL,265,267
267,388,2012-01-02,2012-12-31,G927,NULL,266,268
268,388,2013-01-02,2013-12-31,G927,NULL,267,269
269,388,2014-01-02,2014-12-30,G927,NULL,268,270
270,388,2015-01-02,2015-12-30,G927,NULL,269,271
271,388,2016-01-02,2016-12-30,G927,NULL,270,272
272,388,2017-01-02,2017-12-30,G927,NULL,271,273
273,388,2018-01-02,2018-12-30,G927,NULL,272,274
274,388,2019-01-02,2019-12-30,G927,NULL,273,275
275,388,2020-01-02,2020-12-30,G927,NULL,274,276
276,388,2021-01-02,2021-12-30,G927,NULL,275,NULL
277,391,2012-05-18,2012-06-06,H477,H477,NULL,278
278,391,2012-06-18,2012-11-30,H477,NULL,277,279
279,391,2013-03-20,2013-04-30,L017,L017,278,280
280,391,2013-05-01,2013-05-31,L017,NULL,279,281
281,391,2013-07-23,2013-11-30,,NULL,280,282
282,391,2014-06-16,2014-12-16,,NULL,281,283
283,391,2014-11-21,2015-01-20,A757,A757,282,284
284,391,2015-04-01,2015-04-15,G130,G130,283,285
285,391,2015-06-10,2015-06-22,G130,NULL,284,286
286,391,2015-07-08,2015-08-05,C574,C574,285,287
287,391,2017-01-11,2017-01-31,H118,H118,286,288
288,391,2017-09-01,2017-11-10,H118,NULL,287,289
289,391,2017-10-28,2017-11-21,L142,L142,288,290
290,391,2018-03-19,2018-05-14,M320,M320,289,291
291,391,2018-07-01,2018-07-15,C227,C227,290,292
292,391,2018-08-10,2018-08-31,M320,NULL,291,293
293,391,2018-10-11,2018-10-31,F842,F842,292,294
294,391,2019-07-10,2019-08-10,C227,NULL,293,295
295,391,2019-08-28,2019-09-09,A076,A076,294,296
296,391,2019-09-23,2019-09-26,H118,NULL,295,297
297,391,2019-11-15,2019-12-15,B880,B880,296,298
298,391,2020-05-21,2020-06-21,C227,NULL,297,299
299,391,2020-10-21,2020-10-22,C227,NULL,298,300
300,391,2020-12-01,2020-12-31,C227,NULL,299,301
301,391,2021-02-16,2021-03-31,B880,NULL,300,302
302,391,2021-08-24,2021-09-24,E155,E155,301,303
303,391,2021-09-06,2021-09-17,H118,NULL,302,NULL
304,394,2006-11-10,2012-01-31,G337,G337,NULL,305
305,394,2013-05-03,2014-01-31,G337,NULL,304,NULL
306,406,2017-03-20,2017-03-20,,N.D.,NULL,NULL
307,413,2015-04-24,2015-04-24,,N.D.,NULL,308
308,413,2016-09-01,2099-01-01,,NULL,307,NULL
309,414,2018-09-01,2099-01-01,,N.D.,NULL,NULL
310,420,2017-02-22,2099-01-01,,N.D.,NULL,NULL
311,421,2011-04-01,2011-06-30,L049,L049,NULL,312
312,421,2011-07-01,2012-05-31,B293,B293,311,313
313,421,2012-06-01,2099-01-01,G224,G224,312,NULL
314,446,2009-09-01,2099-01-01,B554,B554,NULL,NULL
315,447,2015-02-17,2015-07-31,D612,D612,NULL,NULL
316,449,2006-04-05,2009-08-31,G273,G273,NULL,317
317,449,2009-12-01,2010-02-05,F299,F299,316,318
318,449,2010-02-10,2011-01-31,F299,NULL,317,NULL
319,465,1986-02-01,2013-12-31,,B936,NULL,320
320,465,2015-07-01,2015-08-31,B936,NULL,319,321
321,465,2015-10-01,2016-04-30,M018,M018,320,322
322,465,2016-05-02,2016-12-10,B936,NULL,321,323
323,465,2016-12-12,2099-01-01,M018,NULL,322,NULL
324,472,2016-09-28,2016-12-28,,F880,NULL,325
325,472,2017-04-23,2017-10-31,,NULL,324,326
326,472,2017-12-08,2018-03-31,,NULL,325,327
327,472,2018-04-01,2018-10-31,,NULL,326,328
328,472,2018-11-20,2019-04-30,,NULL,327,329
329,472,2019-05-01,2019-11-11,,NULL,328,330
330,472,2020-01-20,2020-06-30,,NULL,329,331
331,472,2020-07-01,2020-09-30,F880,NULL,330,332
332,472,2020-10-19,2021-10-14,F880,NULL,331,333
333,472,2021-11-08,2099-01-01,F880,NULL,332,NULL
334,480,2009-11-17,2010-03-31,A893,A893,NULL,335
335,480,2010-04-12,2010-04-30,A883,A883,334,NULL
336,490,2009-01-16,2009-04-30,D188,D188,NULL,337
337,490,2009-05-01,2009-06-22,D188,NULL,336,338
338,490,2009-06-23,2009-09-30,D188,NULL,337,339
339,490,2009-10-01,2009-10-28,D188,NULL,338,340
340,490,2009-10-29,2010-10-28,D188,NULL,339,341
341,490,2010-05-26,2010-05-26,,NULL,340,342
342,490,2011-05-01,2012-12-31,A479,A479,341,343
343,490,2013-01-01,2014-10-28,A479,NULL,342,344
344,490,2014-10-29,2014-12-31,A662,A662,343,345
345,490,2015-01-01,2015-03-31,A479,NULL,344,346
346,490,2015-04-01,2015-12-31,A479,NULL,345,347
347,490,2016-01-01,2016-06-30,,NULL,346,348
348,490,2016-07-01,2016-12-31,A479,NULL,347,349
349,490,2017-01-01,2099-01-01,A479,NULL,348,NULL
350,508,2017-02-06,2017-02-21,,N.D.,NULL,351
351,508,2017-04-03,2017-05-03,,NULL,350,352
352,508,2017-05-15,2099-01-01,,NULL,351,NULL
353,511,2015-07-14,2015-12-31,,E986,NULL,354
354,511,2016-01-01,2016-12-31,,NULL,353,355
355,511,2017-01-01,2019-04-30,,NULL,354,356
356,511,2019-05-02,2099-01-01,E986,NULL,355,NULL
357,513,2010-06-01,2013-06-28,F240,F240,NULL,NULL
358,518,2010-04-22,2010-06-30,F205,F205,NULL,359
359,518,2010-09-15,2011-03-14,G768,G768,358,360
360,518,2011-05-12,2011-09-12,G768,NULL,359,361
361,518,2011-09-24,2011-12-31,G768,NULL,360,362
362,518,2012-05-14,2012-11-13,G768,NULL,361,NULL
363,522,2012-10-31,2014-05-24,D094,D094,NULL,364
364,522,2015-04-22,2015-06-30,D094,NULL,363,365
365,522,2015-04-24,2015-05-30,D094,NULL,364,366
366,522,2015-09-04,2015-12-31,D094,NULL,365,367
367,522,2015-10-02,2015-10-10,D094,NULL,366,368
368,522,2015-10-02,2015-10-10,D094,NULL,367,369
369,522,2015-10-13,2015-12-31,D094,NULL,368,370
370,522,2015-10-13,2015-12-31,D094,NULL,369,371
371,522,2016-01-02,2016-06-30,D094,NULL,370,372
372,522,2016-01-18,2016-06-30,D094,NULL,371,373
373,522,2016-07-28,2016-07-30,D094,NULL,372,374
374,522,2016-08-18,2016-09-30,D094,NULL,373,375
375,522,2016-09-20,2016-12-31,D094,NULL,374,376
376,522,2016-10-05,2016-11-30,D094,NULL,375,377
377,522,2016-11-26,2016-12-31,D094,NULL,376,378
378,522,2016-12-01,2016-12-07,H055,H055,377,379
379,522,2016-12-08,2016-12-31,D094,NULL,378,380
380,522,2016-12-12,2016-12-31,H055,NULL,379,381
381,522,2017-01-04,2017-03-07,H055,NULL,380,382
382,522,2017-01-13,2017-01-31,D094,NULL,381,383
383,522,2017-02-15,2017-02-28,H055,NULL,382,384
384,522,2017-03-07,2017-04-30,D094,NULL,383,385
385,522,2017-03-07,2017-12-31,H055,NULL,384,386
386,522,2017-03-22,2017-04-19,D094,NULL,385,387
387,522,2017-04-10,2017-05-31,D094,NULL,386,388
388,522,2017-04-19,2017-07-21,D094,NULL,387,389
389,522,2017-05-21,2017-05-29,H055,NULL,388,390
390,522,2017-09-24,2017-12-31,D094,NULL,389,391
391,522,2017-09-29,2017-10-31,D094,NULL,390,392
392,522,2017-11-02,2017-11-30,D094,NULL,391,393
393,522,2017-11-15,2017-11-30,H055,NULL,392,394
394,522,2017-12-01,2017-12-31,H055,NULL,393,395
395,522,2017-12-01,2017-12-31,D094,NULL,394,396
396,522,2017-12-18,2017-12-31,D094,NULL,395,397
397,522,2018-01-02,2018-01-27,D094,NULL,396,398
398,522,2018-01-08,2018-03-31,H055,NULL,397,399
399,522,2018-01-08,2018-03-31,H055,NULL,398,400
400,522,2018-01-22,2018-01-31,H055,NULL,399,401
401,522,2018-01-22,2018-01-31,H055,NULL,400,402
402,522,2018-01-25,2018-01-26,H055,NULL,401,403
403,522,2018-02-01,2018-02-28,H055,NULL,402,404
404,522,2018-02-02,2018-06-30,H055,NULL,403,405
405,522,2018-02-17,2018-03-06,H055,NULL,404,406
406,522,2018-02-19,2018-03-17,,NULL,405,407
407,522,2018-03-29,2018-06-30,D094,NULL,406,408
408,522,2018-04-01,2018-06-30,H055,NULL,407,409
409,522,2018-04-01,2018-06-30,H055,NULL,408,410
410,522,2018-04-19,2018-05-27,D094,NULL,409,411
411,522,2018-06-12,2018-07-05,D094,NULL,410,412
412,522,2018-07-01,2018-09-30,H055,NULL,411,413
413,522,2018-07-01,2018-09-30,H055,NULL,412,414
414,522,2018-09-15,2018-09-30,,NULL,413,415
415,522,2018-10-01,2018-10-25,,NULL,414,416
416,522,2018-10-19,2018-12-31,D094,NULL,415,417
417,522,2018-11-12,2018-12-31,H055,NULL,416,418
418,522,2018-11-13,2018-12-31,H055,NULL,417,419
419,522,2018-11-13,2018-12-31,H055,NULL,418,420
420,522,2018-12-03,2018-12-06,H055,NULL,419,421
421,522,2018-12-21,2018-12-31,H055,NULL,420,422
422,522,2019-01-01,2019-03-31,H055,NULL,421,423
423,522,2019-01-01,2019-03-31,H055,NULL,422,424
424,522,2019-01-02,2019-02-14,H055,NULL,423,425
425,522,2019-02-19,2019-04-03,D094,NULL,424,426
426,522,2019-03-06,2019-03-15,D094,NULL,425,427
427,522,2019-04-01,2019-06-30,H055,NULL,426,428
428,522,2019-04-01,2019-06-30,H055,NULL,427,429
429,522,2019-05-06,2019-07-31,H055,NULL,428,430
430,522,2019-06-13,2019-12-31,D094,NULL,429,431
431,522,2019-11-07,2019-12-31,,NULL,430,432
432,522,2019-11-07,2019-12-31,,NULL,431,433
433,522,2020-01-17,2020-03-24,,NULL,432,434
434,522,2020-01-17,2020-03-24,,NULL,433,435
435,522,2020-02-27,2020-03-16,H055,NULL,434,436
436,522,2020-03-03,2020-03-16,H055,NULL,435,437
437,522,2020-04-02,2020-04-30,D094,NULL,436,438
438,522,2020-04-18,2020-12-31,H055,NULL,437,439
439,522,2020-06-01,2020-06-30,,NULL,438,440
440,522,2020-06-01,2020-06-30,,NULL,439,441
441,522,2020-07-01,2020-12-31,,NULL,440,442
442,522,2020-07-01,2020-12-31,,NULL,441,443
443,522,2020-09-16,2020-09-17,D094,NULL,442,444
444,522,2020-09-28,2020-10-10,D094,NULL,443,445
445,522,2020-11-12,2020-12-31,H055,NULL,444,446
446,522,2021-01-01,2021-03-27,,NULL,445,447
447,522,2021-01-07,2021-05-27,H055,NULL,446,448
448,522,2021-03-17,2021-03-25,D094,NULL,447,449
449,522,2021-03-27,2021-03-31,D094,NULL,448,450
450,522,2021-04-01,2021-04-03,D094,NULL,449,451
451,522,2021-04-12,2021-05-12,D094,NULL,450,452
452,522,2021-04-14,2021-05-31,,NULL,451,453
453,522,2021-05-13,2021-06-30,D094,NULL,452,454
454,522,2021-05-20,2021-10-01,D094,NULL,453,455
455,522,2021-05-26,2021-10-29,D094,NULL,454,456
456,522,2021-06-12,2021-10-11,D094,NULL,455,457
457,522,2021-08-19,2021-08-31,D094,NULL,456,458
458,522,2021-09-08,2021-09-18,D094,NULL,457,459
459,522,2021-09-13,2021-09-30,D094,NULL,458,460
460,522,2021-09-16,2021-09-30,D094,NULL,459,461
461,522,2021-11-03,2021-11-30,H055,NULL,460,462
462,522,2021-11-19,2021-12-31,D094,NULL,461,463
463,522,2021-11-26,2021-11-30,D094,NULL,462,464
464,522,2021-12-01,2021-12-31,D094,NULL,463,465
465,522,2021-12-13,2021-12-31,D094,NULL,464,466
466,522,2021-12-21,2021-12-31,H055,NULL,465,NULL
467,539,2009-01-22,2009-05-16,H738,H738,NULL,468
468,539,2013-05-06,2013-08-09,,NULL,467,469
469,539,2013-11-11,2013-12-31,H738,NULL,468,470
470,539,2014-01-15,2014-07-14,,NULL,469,471
471,539,2015-02-10,2099-01-01,,NULL,470,472
472,539,2015-03-09,2015-07-24,,NULL,471,473
473,539,2016-07-11,2016-08-12,H738,NULL,472,474
474,539,2016-11-28,2017-05-31,H738,NULL,473,475
475,539,2017-06-01,2017-06-30,H738,NULL,474,476
476,539,2018-01-16,2021-10-31,H738,NULL,475,NULL
477,559,2008-03-01,2009-08-31,G822,G822,NULL,478
478,559,2009-09-01,2010-09-21,I855,I855,477,479
479,559,2011-02-11,2099-01-01,G822,NULL,478,NULL
480,561,2007-05-04,2009-09-25,B759,B759,NULL,481
481,561,2010-02-08,2010-04-09,E472,E472,480,482
482,561,2010-04-01,2010-06-30,L142,L142,481,483
483,561,2010-09-15,2011-02-18,L142,NULL,482,484
484,561,2011-02-07,2011-06-30,G822,G822,483,485
485,561,2011-06-20,2011-11-30,,NULL,484,486
486,561,2012-04-02,2014-01-09,G822,NULL,485,487
487,561,2014-02-04,2014-12-26,A323,A323,486,488
488,561,2014-08-24,2015-03-16,H501,H501,487,NULL
489,569,2008-09-17,2016-10-14,G822,G822,NULL,490
490,569,2010-06-03,2099-01-01,,NULL,489,491
491,569,2010-06-03,2099-01-01,G822,NULL,490,492
492,569,2010-06-03,2099-01-01,G822,NULL,491,NULL
493,570,2008-12-01,2009-05-31,G822,G822,NULL,494
494,570,2011-04-01,2013-09-30,G822,NULL,493,495
495,570,2013-10-01,2099-01-01,A323,A323,494,NULL
496,574,2016-09-20,2016-09-28,,G822,NULL,497
497,574,2016-11-11,2017-01-19,G822,NULL,496,498
498,574,2017-04-03,2017-04-09,L739,L739,497,499
499,574,2017-05-08,2017-05-15,G822,NULL,498,500
500,574,2017-05-30,2017-06-08,G822,NULL,499,501
501,574,2017-07-05,2017-07-09,L739,NULL,500,502
502,574,2017-07-10,2017-07-31,L484,L484,501,503
503,574,2017-12-14,2017-12-24,L739,NULL,502,504
504,574,2018-02-01,2018-02-06,L739,NULL,503,505
505,574,2018-02-12,2018-03-14,L739,NULL,504,506
506,574,2018-04-16,2018-04-17,L739,NULL,505,507
507,574,2018-04-24,2018-04-27,L739,NULL,506,508
508,574,2018-05-02,2018-05-04,L739,NULL,507,509
509,574,2018-05-08,2018-05-21,L739,NULL,508,510
510,574,2018-09-03,2018-09-30,L739,NULL,509,511
511,574,2018-11-09,2018-11-29,B796,B796,510,512
512,574,2018-12-10,2018-12-23,L739,NULL,511,NULL
513,578,2008-12-11,2009-05-31,I852,I852,NULL,514
514,578,2010-09-13,2011-03-31,G822,G822,513,515
515,578,2013-09-20,2099-01-01,C319,C319,514,516
516,578,2015-09-11,2016-08-01,,NULL,515,NULL
517,583,2007-04-20,2009-05-29,F604,F604,NULL,518
518,583,2009-06-01,2011-10-31,F604,NULL,517,519
519,583,2011-11-02,2013-09-30,F604,NULL,518,520
520,583,2013-10-01,2014-11-14,G822,G822,519,521
521,583,2014-11-17,2016-01-15,G822,NULL,520,522
522,583,2016-01-18,2017-05-31,G822,NULL,521,523
523,583,2017-06-01,2019-09-30,G822,NULL,522,524
524,583,2019-10-01,2020-12-31,G822,NULL,523,525
525,583,2021-01-01,2099-01-01,,NULL,524,NULL
526,590,2009-10-01,2010-01-31,H822,H822,NULL,527
527,590,2010-02-01,2015-04-30,B745,B745,526,528
528,590,2010-02-01,2099-01-01,B745,B745,527,529
529,590,2015-05-04,2099-01-01,H822,NULL,528,NULL
530,608,2009-04-01,2011-04-30,A341,A341,NULL,NULL
531,619,2012-09-27,2013-03-26,G288,G288,NULL,532
532,619,2013-03-27,2014-12-31,G288,NULL,531,533
533,619,2015-01-02,2099-01-01,G288,NULL,532,NULL
534,633,2000-12-18,2014-04-30,,N.D.,NULL,NULL
535,648,2013-03-02,2015-02-28,L682,L682,NULL,536
536,648,2015-04-04,2016-01-31,D284,D284,535,537
537,648,2021-05-22,2021-06-30,,NULL,536,538
538,648,2021-07-09,2022-06-30,,NULL,537,NULL
539,654,2009-02-01,2009-12-31,E625,E625,NULL,540
540,654,2010-01-01,2010-12-31,E625,NULL,539,NULL
541,659,2009-09-10,2009-09-30,B531,B531,NULL,NULL
542,661,2013-05-23,2013-09-25,C917,C917,NULL,543
543,661,2015-10-22,2016-10-28,I248,I248,542,NULL
544,688,1985-07-10,2019-12-31,,N.D.,NULL,NULL
545,694,1998-04-14,2010-11-30,D086,D086,NULL,546
546,694,2010-12-01,2012-07-31,D086,NULL,545,547
547,694,2012-08-01,2099-01-01,D086,NULL,546,NULL
548,705,2013-10-28,2014-03-31,,N.D.,NULL,549
549,705,2021-10-13,2022-06-30,,NULL,548,550
550,705,2021-11-13,2022-06-30,,NULL,549,NULL
551,711,2017-03-09,2017-06-09,,A978,NULL,552
552,711,2017-06-13,2017-08-29,,NULL,551,553
553,711,2019-08-08,2019-08-10,A978,NULL,552,554
554,711,2019-08-10,2019-09-30,,NULL,553,555
555,711,2019-10-01,2019-10-31,,NULL,554,556
556,711,2020-07-08,2020-08-31,B586,B586,555,557
557,711,2020-08-06,2020-12-31,A978,NULL,556,558
558,711,2020-09-18,2020-10-13,,NULL,557,559
559,711,2021-07-21,2021-07-31,,NULL,558,560
560,711,2021-08-02,2021-10-31,,NULL,559,561
561,711,2021-10-01,2021-10-23,,NULL,560,562
562,711,2021-11-10,2021-11-30,B157,B157,561,563
563,711,2021-12-01,2021-12-30,B157,NULL,562,NULL
564,712,2009-08-25,2009-12-31,D259,D259,NULL,565
565,712,2010-08-27,2010-12-31,D259,NULL,564,566
566,712,2011-09-01,2011-12-31,D259,NULL,565,NULL
567,716,2010-04-26,2019-03-31,A930,A930,NULL,NULL
568,722,2009-05-19,2014-04-30,L219,L219,NULL,569
569,722,2012-12-01,2013-09-30,M126,M126,568,570
570,722,2013-10-15,2014-04-15,M126,NULL,569,571
571,722,2015-12-16,2099-01-01,,NULL,570,NULL
572,729,2001-07-13,2017-03-20,,N.D.,NULL,573
573,729,2017-04-03,2017-04-30,,NULL,572,574
574,729,2019-10-02,2020-03-31,,NULL,573,575
575,729,2020-10-01,2021-03-31,,NULL,574,576
576,729,2021-03-10,2099-01-01,,NULL,575,NULL
577,731,2010-09-06,2010-11-30,A512,A512,NULL,578
578,731,2010-12-01,2011-06-30,A512,NULL,577,579
579,731,2011-07-01,2011-11-30,F839,F839,578,580
580,731,2011-12-01,2012-06-30,C415,C415,579,581
581,731,2012-07-01,2012-11-30,B619,B619,580,582
582,731,2012-12-01,2013-04-30,B619,NULL,581,583
583,731,2013-05-01,2013-09-30,B619,NULL,582,584
584,731,2013-10-01,2014-01-31,B619,NULL,583,585
585,731,2014-02-01,2014-07-31,B619,NULL,584,586
586,731,2016-10-20,2017-02-28,,NULL,585,587
587,731,2017-04-01,2017-07-14,,NULL,586,588
588,731,2017-08-01,2017-09-14,,NULL,587,589
589,731,2017-10-18,2017-11-30,,NULL,588,590
590,731,2017-12-18,2018-02-28,,NULL,589,591
591,731,2018-03-12,2018-04-14,,NULL,590,592
592,731,2018-05-07,2018-06-07,,NULL,591,593
593,731,2018-11-05,2018-12-13,,NULL,592,594
594,731,2019-02-18,2099-01-01,,NULL,593,NULL
595,732,2003-10-01,2017-03-28,,N.D.,NULL,596
596,732,2017-03-29,2099-01-01,,NULL,595,NULL
597,734,2005-10-01,2021-12-31,G482,G482,NULL,598
598,734,2009-11-13,2009-11-13,D518,D518,597,599
599,734,2009-11-28,2009-11-28,D518,NULL,598,600
600,734,2009-12-04,2009-12-04,D518,NULL,599,601
601,734,2010-03-30,2010-03-30,D518,NULL,600,602
602,734,2010-12-17,2010-12-17,D518,NULL,601,603
603,734,2011-01-11,2011-01-11,D518,NULL,602,604
604,734,2011-01-14,2011-01-14,D518,NULL,603,NULL
605,741,2009-11-16,2010-11-15,C599,C599,NULL,NULL
606,759,2008-10-08,2009-06-04,C817,C817,NULL,607
607,759,2010-04-19,2011-01-31,M082,M082,606,608
608,759,2011-02-03,2011-09-09,L331,L331,607,609
609,759,2011-09-12,2011-12-06,F250,F250,608,610
610,759,2011-12-15,2012-05-04,M082,NULL,609,611
611,759,2012-05-07,2012-11-30,G273,G273,610,612
612,759,2013-09-03,2014-03-21,,NULL,611,613
613,759,2014-11-18,2015-01-12,I738,I738,612,614
614,759,2015-01-19,2015-01-31,,NULL,613,615
615,759,2015-02-05,2015-05-08,M082,NULL,614,616
616,759,2015-05-11,2015-06-09,,NULL,615,617
617,759,2015-09-03,2016-01-29,,NULL,616,618
618,759,2016-02-03,2016-03-07,,NULL,617,619
619,759,2016-03-14,2017-02-16,,NULL,618,620
620,759,2017-02-21,2017-10-11,M082,NULL,619,621
621,759,2017-10-12,2018-06-28,M082,NULL,620,622
622,759,2018-07-02,2019-04-30,F250,NULL,621,623
623,759,2019-05-06,2020-03-01,,NULL,622,624
624,759,2020-03-02,2021-04-19,A365,A365,623,625
625,759,2021-05-03,2021-05-31,,NULL,624,626
626,759,2021-07-07,2099-01-01,B546,B546,625,NULL
627,761,2010-05-06,2010-07-05,H501,H501,NULL,628
628,761,2011-11-02,2020-06-12,M082,M082,627,629
629,761,2021-10-04,2021-11-26,,NULL,628,NULL
630,765,2008-09-09,2009-12-31,D024,D024,NULL,631
631,765,2010-09-01,2011-08-31,D150,D150,630,632
632,765,2010-09-24,2010-12-21,D150,NULL,631,633
633,765,2011-06-17,2011-06-30,M277,M277,632,634
634,765,2011-07-01,2012-09-27,M277,NULL,633,635
635,765,2012-05-16,2013-05-15,B645,B645,634,636
636,765,2012-06-01,2013-05-31,A906,A906,635,637
637,765,2013-01-15,2013-06-30,M277,NULL,636,638
638,765,2013-06-01,2014-05-31,,NULL,637,639
639,765,2014-06-01,2015-05-31,D150,NULL,638,640
640,765,2014-06-04,2015-12-31,M277,NULL,639,641
641,765,2015-07-01,2016-06-30,,NULL,640,642
642,765,2015-09-16,2019-12-08,D150,NULL,641,643
643,765,2020-02-24,2099-01-01,D150,NULL,642,NULL
644,766,2008-11-12,2010-08-27,F382,F382,NULL,645
645,766,2009-01-08,2009-07-03,A645,A645,644,646
646,766,2009-10-01,2009-10-29,L772,L772,645,647
647,766,2010-02-10,2010-03-31,L772,NULL,646,648
648,766,2010-04-01,2010-09-09,F205,F205,647,649
649,766,2010-09-10,2010-12-31,F205,NULL,648,650
650,766,2011-01-03,2012-10-31,F205,NULL,649,651
651,766,2012-11-01,2014-06-13,F205,NULL,650,652
652,766,2014-06-17,2015-12-09,,NULL,651,653
653,766,2015-12-11,2016-09-12,,NULL,652,654
654,766,2016-04-12,2017-09-29,,NULL,653,655
655,766,2017-10-20,2019-03-04,,NULL,654,656
656,766,2019-02-11,2019-05-11,,NULL,655,657
657,766,2019-06-11,2019-07-24,,NULL,656,658
658,766,2019-06-24,2099-01-01,,NULL,657,NULL
659,788,2008-10-13,2016-08-31,F572,F572,NULL,660
660,788,2016-09-01,2099-01-01,,NULL,659,NULL
661,790,2012-11-19,2012-11-23,,I242,NULL,662
662,790,2012-12-07,2012-12-21,,NULL,661,663
663,790,2012-12-22,2013-01-13,,NULL,662,664
664,790,2013-02-11,2013-02-28,,NULL,663,665
665,790,2013-03-01,2014-02-28,,NULL,664,666
666,790,2014-04-01,2015-03-31,,NULL,665,667
667,790,2015-10-26,2015-11-05,,NULL,666,668
668,790,2015-12-31,2019-02-20,,NULL,667,669
669,790,2019-02-21,2099-01-01,I242,NULL,668,NULL
670,794,2010-07-17,2010-09-05,D969,D969,NULL,671
671,794,2011-01-04,2018-02-17,D969,NULL,670,672
672,794,2011-07-19,2011-09-30,D969,NULL,671,673
673,794,2012-02-04,2012-11-30,D969,NULL,672,674
674,794,2012-12-08,2014-08-31,D969,NULL,673,675
675,794,2015-04-24,2016-12-10,D969,NULL,674,NULL
676,800,2012-09-01,2099-01-01,D872,D872,NULL,NULL
677,803,2008-02-04,2012-12-27,C469,C469,NULL,678
678,803,2013-01-03,2015-11-30,C469,NULL,677,679
679,803,2016-08-04,2016-09-15,A192,A192,678,NULL
680,804,2009-08-04,2010-07-24,D969,D969,NULL,681
681,804,2010-07-26,2012-11-02,F217,F217,680,682
682,804,2013-02-11,2014-09-24,C469,C469,681,683
683,804,2015-12-30,2020-09-09,L566,L566,682,684
684,804,2020-06-26,2020-08-07,,NULL,683,685
685,804,2020-09-04,2020-11-26,,NULL,684,686
686,804,2021-04-22,2022-04-22,C469,NULL,685,NULL
687,821,2010-07-01,2010-09-12,E773,E773,NULL,688
688,821,2011-06-18,2011-08-31,E773,NULL,687,689
689,821,2013-07-13,2013-09-30,E773,NULL,688,NULL
690,829,2001-09-05,2018-03-09,,H901,NULL,691
691,829,2018-08-05,2019-04-30,,NULL,690,692
692,829,2019-09-23,2019-12-30,,NULL,691,693
693,829,2020-07-01,2020-07-31,H901,NULL,692,694
694,829,2020-09-01,2020-09-30,H901,NULL,693,695
695,829,2021-09-13,2099-01-01,,NULL,694,NULL
696,839,2011-10-12,2099-01-01,,N.D.,NULL,NULL
697,840,2009-06-22,2009-11-30,L461,L461,NULL,NULL
698,843,2011-07-01,2099-01-01,A269,A269,NULL,NULL
699,848,2016-06-29,2017-06-27,,G141,NULL,700
700,848,2017-03-01,2017-07-31,G141,NULL,699,701
701,848,2017-08-01,2099-01-01,H224,H224,700,NULL
702,858,2011-07-01,2011-08-21,D815,D815,NULL,703
703,858,2014-05-31,2099-01-01,,NULL,702,704
704,858,2016-07-09,2016-08-31,C041,C041,703,705
705,858,2016-09-05,2017-03-04,D815,NULL,704,706
706,858,2017-03-05,2017-12-31,,NULL,705,707
707,858,2018-01-15,2018-07-15,,NULL,706,708
708,858,2018-10-08,2019-10-07,,NULL,707,709
709,858,2020-02-11,2020-07-31,L833,L833,708,710
710,858,2020-10-01,2020-11-11,L833,NULL,709,711
711,858,2020-11-12,2021-06-11,,NULL,710,712
712,858,2021-09-22,2022-06-30,L833,NULL,711,NULL
713,876,2012-12-03,2013-01-15,H570,H570,NULL,714
714,876,2014-02-12,2014-03-28,F920,F920,713,NULL
715,880,2014-02-12,2014-03-11,F920,F920,NULL,NULL
716,893,2017-01-04,2017-01-09,G478,G478,NULL,717
717,893,2017-07-14,2017-08-31,,NULL,716,718
718,893,2017-12-15,2017-12-30,,NULL,717,719
719,893,2021-07-09,2021-07-14,A632,A632,718,720
720,893,2021-07-16,2021-10-31,,NULL,719,721
721,893,2021-12-01,2022-05-31,,NULL,720,NULL
722,896,2010-06-07,2010-10-22,A390,A390,NULL,723
723,896,2010-11-16,2012-01-29,A390,NULL,722,724
724,896,2012-02-06,2012-03-02,A390,NULL,723,725
725,896,2017-06-19,2017-08-06,A390,NULL,724,726
726,896,2017-08-07,2018-04-12,A390,NULL,725,727
727,896,2018-04-23,2099-01-01,,NULL,726,NULL
728,912,2009-08-29,2009-12-31,E289,E289,NULL,729
729,912,2010-03-13,2010-06-30,I291,I291,728,730
730,912,2010-11-09,2010-12-31,I291,NULL,729,NULL
731,913,2011-09-01,2017-03-31,F206,F206,NULL,732
732,913,2019-04-12,2019-04-30,C957,C957,731,733
733,913,2019-05-13,2019-09-02,,NULL,732,734
734,913,2020-03-11,2021-11-30,F206,NULL,733,NULL
735,925,2010-09-06,2011-06-08,B919,B919,NULL,736
736,925,2011-09-06,2011-10-31,E715,E715,735,737
737,925,2011-11-12,2099-01-01,E715,NULL,736,738
738,925,2021-09-04,2022-06-30,E715,NULL,737,NULL
739,954,2008-04-08,2011-01-18,I330,I330,NULL,740
740,954,2011-01-20,2011-05-11,L357,L357,739,741
741,954,2011-07-15,2011-09-30,I712,I712,740,742
742,954,2011-10-04,2012-03-31,I712,NULL,741,743
743,954,2012-06-26,2012-09-25,,NULL,742,744
744,954,2013-05-07,2013-06-14,C349,C349,743,745
745,954,2021-01-01,2099-01-01,A662,A662,744,NULL
746,957,2013-06-08,2015-09-14,,N.D.,NULL,747
747,957,2015-11-11,2016-05-10,,NULL,746,748
748,957,2016-11-22,2017-12-22,,NULL,747,749
749,957,2018-01-01,2018-10-30,,NULL,748,750
750,957,2018-11-05,2019-02-19,,NULL,749,751
751,957,2019-02-27,2099-01-01,,NULL,750,NULL
752,971,2007-05-01,2013-05-05,L378,L378,NULL,NULL
753,975,2013-06-12,2013-06-22,B101,B101,NULL,754
754,975,2013-12-05,2013-12-05,B101,NULL,753,755
755,975,2014-01-09,2014-01-09,B101,NULL,754,756
756,975,2014-01-20,2014-01-21,B101,NULL,755,757
757,975,2014-01-31,2014-01-31,B101,NULL,756,758
758,975,2014-02-27,2014-02-27,B101,NULL,757,759
759,975,2014-03-10,2014-03-10,B101,NULL,758,760
760,975,2014-03-13,2014-03-13,B101,NULL,759,761
761,975,2014-03-21,2014-03-21,B101,NULL,760,762
762,975,2014-03-25,2014-03-25,B101,NULL,761,763
763,975,2014-03-27,2014-03-27,B101,NULL,762,764
764,975,2014-05-07,2014-05-07,B101,NULL,763,765
765,975,2014-05-23,2014-05-23,B101,NULL,764,766
766,975,2014-06-05,2014-06-05,B101,NULL,765,767
767,975,2014-10-20,2014-11-12,,NULL,766,768
768,975,2015-02-04,2015-02-06,B101,NULL,767,769
769,975,2015-02-12,2015-02-13,B101,NULL,768,770
770,975,2015-02-17,2015-02-20,B101,NULL,769,771
771,975,2015-02-27,2015-02-27,B101,NULL,770,772
772,975,2015-03-05,2015-03-05,B101,NULL,771,773
773,975,2015-03-10,2015-03-11,B101,NULL,772,774
774,975,2015-03-16,2015-03-16,B101,NULL,773,775
775,975,2015-03-18,2015-03-19,B101,NULL,774,776
776,975,2015-05-12,2015-05-13,B101,NULL,775,777
777,975,2016-06-11,2016-06-25,B101,NULL,776,778
778,975,2017-03-20,2017-05-16,B101,NULL,777,NULL
779,988,2009-05-21,2009-07-31,L682,L682,NULL,780
780,988,2009-11-16,2018-01-07,L113,L113,779,781
781,988,2018-01-08,2018-07-06,E200,E200,780,782
782,988,2018-09-24,2099-01-01,,NULL,781,NULL
783,989,2005-05-02,2010-10-31,L893,L893,NULL,784
784,989,2011-12-16,2012-09-30,D704,D704,783,785
785,989,2012-11-01,2020-06-21,D704,NULL,784,786
786,989,2020-06-22,2099-01-01,,NULL,785,NULL
